STATE,FIPS,TP-TotPop,TO-WGWTo,TO-WTotl
AL,01001,48.612,8.09,43.66
AL,01003,162.586,61.67,69.01
AL,01005,28.414,7.51,16.49
AL,01007,21.516,4.52,4.98
AL,01009,55.725,4.54,18.95
AL,01011,11.055,3.73,5.44
AL,01013,20.766,3.68,4.39
AL,01015,112.141,21.99,28.95
AL,01017,35.46,0.82,8.4
AL,01019,24.522,3.22,7.2
AL,01021,41.744,4.1,6.25
AL,01023,14.807,1.97,49.57
AL,01025,27.269,2.88,4.9
AL,01027,13.964,0.53,2.7
AL,01029,14.46,1.6,2.37
AL,01031,45.567,9.4,12.95
AL,01033,54.66,3.56,1363.16
AL,01035,13.257,2.19,2.37
AL,01037,11.162,0.43,1.0
AL,01039,37.003,8.34,13.54
AL,01041,13.727,2.51,3.23
AL,01043,79.886,2.99,32.66
AL,01045,48.748,9.9,12.23
AL,01047,44.366,13.9,17.78
AL,01049,67.271,5.3,16.43
AL,01051,73.937,3.19,14.82
AL,01053,38.082,9.81,42.84
AL,01055,103.189,5.19,173.86
AL,01057,18.228,0.58,3.93
AL,01059,30.737,2.38,7.1
AL,01061,25.735,4.84,7.61
AL,01063,9.661,7.71,398.58
AL,01065,18.316,19.7,28.39
AL,01067,16.61,4.09,5.82
AL,01069,94.249,24.0,131.78
AL,01071,53.65,1.98,1498.24
AL,01073,657.229,11.18,81.01
AL,01075,14.962,1.91,2.25
AL,01077,87.691,3.67,17.17
AL,01079,34.605,1.42,67.43
AL,01081,123.254,2.23,21.51
AL,01083,70.469,7.89,2013.88
AL,01085,13.076,2.16,5.97
AL,01087,22.81,4.75,9.94
AL,01089,298.192,27.06,70.51
AL,01091,21.879,6.61,26.79
AL,01093,30.154,1.79,7.84
AL,01095,85.634,4.51,27.06
AL,01097,401.427,20.77,1130.94
AL,01099,23.733,5.18,60.01
AL,01101,221.619,31.75,69.73
AL,01103,113.74,2.46,124.8
AL,01105,11.371,7.58,12.39
AL,01107,20.178,4.44,5.67
AL,01109,29.639,5.79,6.99
AL,01111,22.717,0.78,2.78
AL,01113,49.326,2.75,43.72
AL,01115,72.33,9.6,21.01
AL,01117,171.465,20.54,833.25
AL,01119,13.819,5.81,10.27
AL,01121,80.457,9.93,78.28
AL,01123,40.717,0.36,14.64
AL,01125,168.908,2.96,36.02
AL,01127,70.117,1.14,969.46
AL,01129,17.773,8.14,99.17
AL,01131,12.937,2.12,23.65
AL,01133,24.498,0.72,1.92
AK,02013,2.659,0.02,3.39
AK,02016,5.249,0.05,4.75
AK,02020,278.241,27.77,107.7
AK,02050,17.085,0.42,0.45
AK,02060,1.073,0.17,0.17
AK,02068,1.823,1.22,16.22
AK,02070,4.792,0.83,0.83
AK,02090,87.65,11.13,38.26
AK,02100,2.207,0.35,3.54
AK,02110,31.193,415.29,603.66
AK,02122,51.224,8.14,27.35
AK,02130,13.125,0.15,14.25
AK,02150,13.638,0.24,9.44
AK,02164,1.62,0.07,0.43
AK,02170,74.041,5.73,6.66
AK,02180,9.452,0.46,0.63
AK,02185,6.894,114.47,175.72
AK,02188,7.323,0.05,8.04
AK,02201,5.497,0.03,1.98
AK,02220,8.947,0.03,9.06
AK,02232,3.062,0.58,0.72
AK,02240,6.471,0.62,0.67
AK,02261,10.042,8.06,13.08
AK,02270,7.496,0.16,0.46
AK,02280,6.172,0.17,6.35
AK,02282,0.619,0.56,0.59
AK,02290,6.061,0.21,0.66
AZ,04001,69.343,26.69,35.24
AZ,04003,126.106,249.64,254.42
AZ,04005,123.866,17.85,47.99
AZ,04007,51.663,27.4,28.03
AZ,04009,33.073,74.8,172.92
AZ,04011,7.521,15.53,31.55
AZ,04012,20.238,79.99,628.49
AZ,04013,3635.528,1184.12,1966.99
AZ,04015,187.2,71.91,138.64
AZ,04017,108.432,58.57,67.48
AZ,04019,924.786,286.35,306.76
AZ,04021,229.549,699.13,1289.19
AZ,04023,42.009,19.38,19.38
AZ,04025,198.701,60.84,91.5
AZ,04027,181.277,174.26,1166.12
AR,05001,20.073,509.3,966.4
AR,05003,23.178,156.3,232.27
AR,05005,40.33,1.95,5.83
AR,05007,186.938,2.87,440.9
AR,05009,35.793,1.91,3.1
AR,05011,12.192,1.78,1.86
AR,05013,5.589,0.53,0.57
AR,05015,26.999,2.77,11.49
AR,05017,13.027,249.53,319.92
AR,05019,22.916,0.51,6.58
AR,05021,16.578,469.08,478.7
AR,05023,25.391,0.41,8.59
AR,05025,8.903,0.73,0.93
AR,05027,24.695,3.64,5.87
AR,05029,20.739,2.51,19.41
AR,05031,86.735,365.03,409.71
AR,05033,57.63,0.94,8.55
AR,05035,51.882,159.51,160.48
AR,05037,19.237,599.29,644.3
AR,05039,8.524,1.47,1.5
AR,05041,14.358,304.34,413.61
AR,05043,18.693,77.4,89.56
AR,05045,97.147,2.4,17.21
AR,05047,18.218,0.4,3.92
AR,05049,11.934,1.96,2.44
AR,05051,93.551,0.32,19.87
AR,05053,17.348,2.6,2.7
AR,05055,39.401,223.49,227.39
AR,05057,23.383,4.01,7.53
AR,05059,31.264,0.27,323.17
AR,05061,14.552,0.5,5.64
AR,05063,34.737,41.84,104.58
AR,05065,13.43,1.79,5.01
AR,05067,17.601,383.12,405.7
AR,05069,81.7,279.71,349.31
AR,05071,24.042,0.32,5.32
AR,05073,8.027,39.4,41.21
AR,05075,17.153,223.03,248.16
AR,05077,11.545,266.79,272.2
AR,05079,14.262,182.87,206.4
AR,05081,13.227,4.37,14.41
AR,05083,22.944,1.65,5.9
AR,05085,60.658,423.84,534.25
AR,05087,14.962,1.15,2.13
AR,05089,16.735,0.83,2.04
AR,05091,43.162,16.28,125.78
AR,05093,47.911,277.76,279.89
AR,05095,9.302,290.04,316.45
AR,05097,9.274,0.7,1.48
AR,05099,9.55,0.73,2.09
AR,05101,8.452,1.17,1.4
AR,05103,27.102,1.08,59.54
AR,05105,10.468,0.46,14.58
AR,05107,24.107,208.51,210.29
AR,05109,11.038,0.48,1.66
AR,05111,25.349,682.12,772.6
AR,05113,20.176,1.16,3.55
AR,05115,56.58,1.99,1164.75
AR,05117,9.113,253.58,355.76
AR,05119,366.463,26.27,83.99
AR,05121,18.465,102.51,141.39
AR,05123,27.902,295.73,313.4
AR,05125,91.188,2.29,9.27
AR,05127,11.15,2.35,2.8
AR,05129,7.969,0.29,0.99
AR,05131,118.75,0.94,39.4
AR,05133,16.456,1.74,2.56
AR,05135,17.397,4.31,5.29
AR,05137,11.716,0.59,2.43
AR,05139,44.186,15.55,20.74
AR,05141,16.529,0.41,3.01
AR,05143,180.357,1.32,3.8
AR,05145,71.332,48.59,91.52
AR,05147,8.098,267.0,351.47
AR,05149,21.391,2.37,9.79
CA,06001,1448.905,64.48,171.76
CA,06003,1.159,0.03,15.11
CA,06005,38.471,4.04,24.06
CA,06007,214.185,308.59,789.94
CA,06009,46.871,7.4,17.29
CA,06011,21.095,140.01,916.29
CA,06013,1017.787,58.07,1679.12
CA,06015,28.705,5.31,9.02
CA,06017,176.841,22.02,46.01
CA,06019,877.584,868.29,3260.22
CA,06021,27.759,278.77,741.2
CA,06023,128.376,46.28,137.18
CA,06025,155.823,40.76,2144.94
CA,06027,18.156,51.93,80.43
CA,06029,756.825,1143.42,2663.55
CA,06031,143.42,545.11,1380.43
CA,06033,65.147,27.16,45.22
CA,06035,34.751,79.93,246.87
CA,06037,9935.475,487.69,3811.06
CA,06039,142.788,394.33,834.79
CA,06041,246.96,4.15,36.76
CA,06043,18.069,4.69,9.24
CA,06045,88.161,23.0,58.11
CA,06047,241.706,447.77,1624.9
CA,06049,9.524,78.08,313.82
CA,06051,12.509,48.48,211.14
CA,06053,412.104,435.3,1129.19
CA,06055,132.764,24.35,51.75
CA,06057,98.394,21.33,88.88
CA,06059,2988.072,77.25,717.6
CA,06061,317.028,60.96,209.19
CA,06063,21.477,17.54,79.27
CA,06065,1946.419,331.36,1257.45
CA,06067,1363.482,365.59,774.33
CA,06069,55.936,41.07,69.44
CA,06071,1963.535,259.56,586.09
CA,06073,2933.462,106.45,4085.08
CA,06075,739.426,7.93,1668.32
CA,06077,664.116,459.76,1483.54
CA,06079,255.478,146.05,2774.1
CA,06081,699.61,53.91,151.12
CA,06083,400.762,208.19,239.62
CA,06085,1699.052,72.55,296.09
CA,06087,249.666,28.73,73.69
CA,06089,179.904,70.02,236.16
CA,06091,3.434,21.76,63.41
CA,06093,45.259,138.82,384.78
CA,06095,411.593,251.26,467.9
CA,06097,466.477,56.71,114.33
CA,06099,505.505,330.61,1457.93
CA,06101,88.876,282.05,833.72
CA,06103,61.197,205.47,538.75
CA,06105,13.622,5.02,21.63
CA,06107,410.874,1046.35,2274.96
CA,06109,59.38,10.29,33.84
CA,06111,796.106,183.94,1198.61
CA,06113,184.932,372.01,738.78
CA,06115,67.153,85.13,351.72
CO,08001,399.426,15.38,185.27
CO,08003,15.282,232.83,272.12
CO,08005,529.09,11.04,84.94
CO,08007,11.886,1.99,71.48
CO,08009,4.069,127.67,127.78
CO,08011,5.558,8.6,211.34
CO,08013,280.44,0.6,203.73
CO,08014,43.478,0.54,5.23
CO,08015,16.968,0.97,122.91
CO,08017,1.953,38.91,39.25
CO,08019,9.197,1.18,1.71
CO,08021,8.512,20.69,359.25
CO,08023,3.424,43.19,173.01
CO,08025,5.401,4.88,34.26
CO,08027,3.86,0.57,45.32
CO,08029,29.947,3.43,466.04
CO,08031,557.917,0.29,236.44
CO,08033,1.827,4.18,34.74
CO,08035,249.416,19.94,43.37
CO,08037,47.53,4.36,156.83
CO,08039,22.788,4.41,36.63
CO,08041,565.582,27.26,157.08
CO,08043,47.766,0.82,150.85
CO,08045,49.81,2.86,352.12
CO,08047,4.932,0.18,0.62
CO,08049,13.211,1.54,230.67
CO,08051,14.226,2.69,559.74
CO,08053,0.765,0.63,70.35
CO,08055,7.771,0.21,36.5
CO,08057,1.448,2.52,428.52
CO,08059,526.801,7.21,86.85
CO,08061,1.422,7.04,8.61
CO,08063,7.642,284.05,284.75
CO,08065,7.738,0.91,14.67
CO,08067,47.452,2.78,383.49
CO,08069,271.927,64.02,504.35
CO,08071,15.446,2.77,67.67
CO,08073,5.618,4.73,6.41
CO,08075,20.719,8.04,290.42
CO,08077,129.872,1.06,926.3
CO,08079,0.932,1.07,21.79
CO,08081,13.417,10.73,165.36
CO,08083,24.778,0.27,249.65
CO,08085,37.482,1.53,705.81
CO,08087,27.995,113.32,293.49
CO,08089,19.495,22.1,393.47
CO,08091,4.26,0.68,103.87
CO,08093,16.949,1.9,21.96
CO,08095,4.586,104.33,104.49
CO,08097,14.914,0.54,130.89
CO,08099,13.892,30.15,488.01
CO,08101,151.322,10.06,301.3
CO,08103,5.973,14.24,241.34
CO,08105,12.227,198.95,729.85
CO,08107,21.313,7.28,203.86
CO,08109,7.031,351.76,509.15
CO,08111,0.577,0.03,0.27
CO,08113,7.213,0.28,28.37
CO,08115,2.529,57.59,99.71
CO,08117,24.892,3.96,66.0
CO,08119,21.918,1.01,6.42
CO,08121,4.633,114.42,120.65
CO,08123,228.943,121.49,773.04
CO,08125,9.789,387.89,397.34
CT,09001,902.775,26.75,651.96
CT,09003,877.393,17.96,145.41
CT,09005,190.071,40.92,99.4
CT,09007,163.214,9.71,224.36
CT,09009,846.766,23.68,342.67
CT,09011,266.618,4.3,2259.1
CT,09013,147.634,15.02,17.64
CT,09015,115.826,15.5,17.86
DE,10001,143.968,34.25,37.59
DE,10003,523.008,32.88,498.39
DE,10005,176.548,60.23,481.26
DC,11001,582.049,,9.7
FL,12001,240.764,59.38,60.05
FL,12003,23.953,6.27,7.19
FL,12005,161.721,6.76,291.93
FL,12007,28.118,6.65,6.71
FL,12009,531.97,66.64,957.28
FL,12011,1740.987,277.61,1837.86
FL,12013,13.945,3.0,3.43
FL,12015,154.03,16.1,40.05
FL,12017,132.635,30.14,1707.14
FL,12019,169.623,22.16,22.55
FL,12021,317.788,165.88,193.23
FL,12023,61.466,12.05,12.26
FL,12027,32.606,45.41,66.74
FL,12029,15.377,3.72,3.75
FL,12031,861.15,162.79,771.63
FL,12033,303.623,80.28,329.01
FL,12035,78.617,15.51,19.26
FL,12037,10.845,2.3,2.59
FL,12039,47.713,9.67,16.96
FL,12041,16.221,14.49,14.78
FL,12043,10.729,22.23,104.4
FL,12045,16.479,2.64,2.66
FL,12047,14.315,54.47,54.84
FL,12049,27.333,32.45,32.46
FL,12051,38.376,158.51,395.94
FL,12053,150.784,47.82,48.59
FL,12055,93.456,106.85,118.3
FL,12057,1131.546,130.46,2014.0
FL,12059,19.157,3.59,3.77
FL,12061,130.043,71.59,285.66
FL,12063,49.691,16.04,119.51
FL,12065,14.233,12.94,13.23
FL,12067,7.971,7.7,7.85
FL,12069,263.017,75.31,85.69
FL,12071,549.422,112.65,709.1
FL,12073,271.111,42.52,43.04
FL,12075,37.985,25.78,28.74
FL,12077,7.581,1.03,1.03
FL,12079,19.696,13.95,14.28
FL,12081,304.364,96.06,141.4
FL,12083,304.926,53.08,54.44
FL,12085,141.059,37.52,138.7
FL,12086,2422.075,489.61,602.29
FL,12087,82.413,0.84,1.68
FL,12089,65.759,51.82,54.85
FL,12091,188.939,26.27,26.41
FL,12093,37.765,46.08,54.51
FL,12095,1043.437,248.0,257.99
FL,12097,235.156,138.36,146.81
FL,12099,1265.9,286.87,1532.52
FL,12101,406.898,94.96,2168.22
FL,12103,947.744,27.44,483.83
FL,12105,541.84,210.83,219.26
FL,12107,73.764,23.88,73.86
FL,12109,157.278,31.71,34.92
FL,12111,240.039,71.45,1352.29
FL,12113,136.443,27.2,28.98
FL,12115,367.867,35.04,41.01
FL,12117,411.744,67.89,68.83
FL,12119,74.052,19.88,24.65
FL,12121,38.174,26.21,103.08
FL,12123,21.31,46.75,49.24
FL,12125,15.046,3.25,3.29
FL,12127,494.649,76.6,171.22
FL,12129,26.867,4.49,10.86
FL,12131,53.525,11.57,11.66
FL,12133,23.097,3.61,3.61
GA,13001,17.954,4.27,63.02
GA,13003,8.03,4.82,7.87
GA,13005,10.379,5.23,6.42
GA,13007,4.154,31.11,34.39
GA,13009,45.23,0.51,7.63
GA,13011,16.055,0.76,3.54
GA,13013,59.954,3.5,8.61
GA,13015,89.229,7.18,107.78
GA,13017,17.316,7.48,10.68
GA,13019,16.708,4.8,6.86
GA,13021,154.918,6.18,18.68
GA,13023,12.141,7.77,13.55
GA,13025,15.491,1.68,2.83
GA,13027,16.327,4.13,4.46
GA,13029,28.549,3.09,3.1
GA,13031,61.454,12.15,16.89
GA,13033,23.299,14.7,83.82
GA,13035,21.045,0.46,3.5
GA,13037,5.972,17.25,27.03
GA,13039,45.759,6.65,6.66
GA,13043,10.321,4.96,11.13
GA,13045,105.453,2.59,14.42
GA,13047,60.813,5.16,6.69
GA,13049,10.79,1.21,1.24
GA,13051,238.41,62.15,241.28
GA,13053,14.679,0.51,1.21
GA,13055,26.57,6.57,12.28
GA,13057,184.211,6.66,29.34
GA,13059,104.439,0.5,7.57
GA,13061,3.242,0.58,0.66
GA,13063,267.966,1.06,15.62
GA,13065,6.996,1.8,1.88
GA,13067,663.818,1.83,414.66
GA,13069,39.674,10.43,16.13
GA,13071,43.915,15.36,36.75
GA,13073,103.812,2.17,15.58
GA,13075,16.366,7.91,11.13
GA,13077,109.903,1.74,42.41
GA,13079,12.874,4.12,4.87
GA,13081,22.017,17.55,18.8
GA,13083,16.04,0.16,2.9
GA,13085,19.731,0.48,2.71
GA,13087,28.618,39.49,41.95
GA,13089,677.959,4.01,88.84
GA,13091,19.574,5.59,19.93
GA,13093,11.749,24.79,26.29
GA,13095,94.882,37.18,158.77
GA,13097,112.76,3.92,27.44
GA,13099,12.056,13.66,123.9
GA,13101,4.253,5.78,6.28
GA,13103,46.924,5.92,150.83
GA,13105,20.799,0.97,3.4
GA,13107,22.108,6.18,6.66
GA,13109,11.443,2.92,4.24
GA,13111,21.887,0.96,2.77
GA,13113,104.248,3.59,14.79
GA,13115,94.198,3.55,588.88
GA,13117,140.393,4.33,28.52
GA,13119,21.59,1.06,4.16
GA,13121,915.623,2.47,151.95
GA,13123,27.335,7.01,10.94
GA,13125,2.705,0.26,0.33
GA,13127,71.874,52.5,112.06
GA,13129,50.279,4.59,15.11
GA,13131,24.466,5.88,10.36
GA,13133,15.693,0.95,3.91
GA,13135,726.273,3.53,9.18
GA,13137,39.603,2.23,13.19
GA,13139,165.771,4.18,108.6
GA,13141,9.643,0.55,1.48
GA,13143,28.338,0.03,3.36
GA,13145,27.779,1.42,12.59
GA,13147,24.036,1.41,3.78
GA,13149,11.346,0.4,65.89
GA,13151,167.848,1.82,34.95
GA,13153,126.163,28.76,29.37
GA,13155,10.093,10.2,17.57
GA,13157,52.292,1.48,21.18
GA,13159,13.147,1.11,2.65
GA,13161,13.083,3.35,5.58
GA,13163,16.926,12.17,20.52
GA,13165,8.729,3.67,4.89
GA,13167,9.538,2.61,3.04
GA,13169,26.836,3.9,29.64
GA,13171,16.378,0.72,2.9
GA,13173,7.553,1.98,2.17
GA,13175,46.896,9.59,30.12
GA,13177,31.099,6.2,7.56
GA,13179,57.544,13.79,14.0
GA,13181,8.207,0.28,0.91
GA,13183,11.083,2.52,2.98
GA,13185,96.705,28.92,30.34
GA,13187,24.324,1.93,3.24
GA,13189,21.743,1.36,5.85
GA,13191,11.068,0.94,1.09
GA,13193,13.745,16.88,31.47
GA,13195,27.289,2.24,3.56
GA,13197,7.244,2.74,3.12
GA,13199,22.919,1.74,2.4
GA,13201,6.228,20.1,22.09
GA,13205,23.791,33.6,39.4
GA,13207,23.785,2.03,62.8
GA,13209,8.909,1.89,2.46
GA,13211,17.492,0.87,2.92
GA,13213,40.812,4.06,6.29
GA,13215,185.271,0.46,33.89
GA,13217,86.713,4.01,14.64
GA,13219,29.748,1.32,2.01
GA,13221,13.609,0.98,1.99
GA,13223,112.411,1.49,4.75
GA,13225,24.794,9.98,10.63
GA,13227,28.442,2.64,4.86
GA,13229,17.119,3.29,3.49
GA,13231,16.128,1.11,1.58
GA,13233,40.479,5.78,8.86
GA,13235,9.737,11.97,16.74
GA,13237,19.829,2.08,1097.15
GA,13239,2.467,0.18,0.21
GA,13241,16.087,1.04,4.7
GA,13243,7.31,5.46,10.42
GA,13245,195.769,16.79,115.72
GA,13247,78.545,1.8,14.49
GA,13249,4.122,0.72,1.04
GA,13251,15.43,9.04,14.33
GA,13253,9.226,36.25,39.44
GA,13255,61.289,1.18,14.37
GA,13257,25.06,0.39,4.57
GA,13259,4.882,0.29,1.1
GA,13261,32.912,10.46,13.96
GA,13263,6.709,1.22,2.46
GA,13265,1.826,0.13,0.19
GA,13267,23.211,4.01,8.23
GA,13269,8.887,2.72,5.26
GA,13271,13.205,3.75,4.75
GA,13273,10.711,8.86,16.2
GA,13275,44.692,17.3,20.14
GA,13277,40.793,17.19,25.85
GA,13279,27.274,6.04,11.08
GA,13281,10.315,1.3,6.58
GA,13283,6.753,1.37,1.54
GA,13285,62.015,1.82,12.63
GA,13287,9.474,7.21,15.87
GA,13289,10.299,21.72,22.2
GA,13291,19.782,1.61,8.08
GA,13293,27.679,1.43,5.03
GA,13295,63.89,7.17,9.92
GA,13297,75.647,3.54,10.75
GA,13299,34.492,5.2,5.97
GA,13301,6.101,1.94,4.6
GA,13303,20.118,34.7,35.73
GA,13305,28.39,64.58,65.22
GA,13307,2.289,0.54,2.94
GA,13309,6.706,1.64,4.85
GA,13311,24.055,1.55,3.66
GA,13313,90.889,0.4,36.89
GA,13315,8.721,9.93,12.58
GA,13317,10.457,0.52,1.94
GA,13319,10.143,18.42,18.53
GA,13321,21.996,9.69,13.79
HI,15001,167.293,105.47,124.75
HI,15003,905.266,1557.65,1593.32
HI,15005,0.111,0.02,0.02
HI,15007,62.64,39.91,49.35
HI,15009,139.884,100.34,125.96
ID,16001,344.727,127.55,1117.25
ID,16003,3.591,6.29,115.86
ID,16005,78.155,59.42,397.99
ID,16007,6.176,3.92,107.36
ID,16009,9.218,0.79,4.4
ID,16011,43.739,507.17,1195.71
ID,16013,21.166,81.24,349.45
ID,16015,7.535,4.03,11.7
ID,16017,40.908,68.3,72.81
ID,16019,91.856,168.66,881.95
ID,16021,10.619,3.92,7.03
ID,16023,2.808,116.34,237.44
ID,16025,1.05,35.75,59.15
ID,16027,164.593,271.03,658.25
ID,16029,7.131,59.33,379.42
ID,16031,21.324,523.67,880.88
ID,16033,0.943,34.76,95.55
ID,16035,8.373,6.3,15.15
ID,16037,4.077,12.3,842.71
ID,16039,28.634,113.7,424.65
ID,16041,12.371,23.19,203.84
ID,16043,12.242,51.23,294.97
ID,16045,16.273,12.4,725.84
ID,16047,14.461,151.8,1155.5
ID,16049,15.697,3.13,19.16
ID,16051,21.58,395.39,2108.02
ID,16053,19.638,87.67,1472.89
ID,16055,127.668,53.33,73.18
ID,16057,34.714,9.3,9.74
ID,16059,7.909,6.27,240.8
ID,16061,3.75,1.22,2.7
ID,16063,4.545,117.13,321.85
ID,16065,30.975,89.23,625.52
ID,16067,19.014,357.3,649.65
ID,16069,37.931,5.95,28.87
ID,16071,4.209,67.71,152.63
ID,16073,11.073,97.61,816.94
ID,16075,22.197,37.87,285.04
ID,16077,7.753,212.12,349.15
ID,16079,13.157,3.14,5.41
ID,16081,7.467,41.45,166.45
ID,16083,69.419,287.86,1691.77
ID,16085,8.332,2.88,68.19
ID,16087,10.098,38.82,187.4
IL,17001,67.04,17.49,26.09
IL,17003,8.927,3.98,4.86
IL,17005,18.027,0.97,2.85
IL,17007,50.483,7.88,8.07
IL,17009,6.835,0.43,0.45
IL,17011,35.33,12.7,13.46
IL,17013,5.163,0.63,0.63
IL,17015,16.086,17.16,17.29
IL,17017,13.898,19.8,20.54
IL,17019,184.905,35.76,38.6
IL,17021,35.176,4.42,835.55
IL,17023,16.976,8.66,8.68
IL,17025,14.122,1.53,2.28
IL,17027,36.095,5.21,8.12
IL,17029,51.065,1.45,5.49
IL,17031,5303.683,19.85,1758.02
IL,17033,19.898,15.6,102.03
IL,17035,10.973,1.6,1.84
IL,17037,97.665,13.18,15.38
IL,17039,16.617,4.27,938.86
IL,17041,19.95,1.73,3.96
IL,17043,929.113,14.43,16.04
IL,17045,19.157,1.79,3.2
IL,17047,6.784,0.93,0.93
IL,17049,34.581,2.63,5.03
IL,17051,21.713,3.2,4.36
IL,17053,14.157,2.9,5.93
IL,17055,39.723,0.65,14.69
IL,17057,37.708,3.48,158.69
IL,17059,6.152,17.73,18.91
IL,17061,14.581,10.88,11.02
IL,17063,43.838,10.77,1560.06
IL,17065,8.301,0.9,0.97
IL,17067,19.153,2.24,4.03
IL,17069,4.718,1.79,1.81
IL,17071,7.972,18.09,18.23
IL,17073,50.591,12.25,12.44
IL,17075,30.677,5.75,5.83
IL,17077,57.954,1.26,89.42
IL,17079,10.02,3.42,608.88
IL,17081,40.434,2.63,2.74
IL,17083,22.456,2.82,2.88
IL,17085,22.58,6.83,7.11
IL,17087,13.169,1.22,2.63
IL,17089,482.113,46.58,69.58
IL,17091,107.972,18.82,35.28
IL,17093,79.514,11.69,13.32
IL,17095,53.309,2.25,2.43
IL,17097,702.682,23.64,855.61
IL,17099,112.604,22.83,121.88
IL,17101,15.93,15.55,15.57
IL,17103,35.669,21.1,25.95
IL,17105,39.186,4.16,9.2
IL,17107,30.603,6.58,7.44
IL,17109,31.966,2.55,4.52
IL,17111,303.99,37.46,43.45
IL,17113,159.013,9.47,15.97
IL,17115,110.167,3.47,40.37
IL,17117,49.111,1.58,9.25
IL,17119,264.309,40.14,387.53
IL,17121,40.144,1.3,6.61
IL,17123,13.217,6.62,6.95
IL,17125,15.741,167.71,276.03
IL,17127,15.348,14.18,630.88
IL,17129,12.738,3.8,3.92
IL,17131,16.912,8.68,8.74
IL,17133,31.04,2.55,2.85
IL,17135,30.396,2.07,510.24
IL,17137,35.722,7.79,232.08
IL,17139,14.51,1.59,1.62
IL,17141,54.29,9.55,64.93
IL,17143,182.328,41.67,529.59
IL,17145,22.815,1.22,2.19
IL,17147,16.68,3.32,3.32
IL,17149,17.099,4.44,32.98
IL,17151,4.211,0.43,0.43
IL,17153,6.794,1.86,2.33
IL,17155,6.094,1.98,210.19
IL,17157,33.122,2.66,41.38
IL,17159,15.798,1.58,3.06
IL,17161,147.808,18.35,1082.3
IL,17163,260.067,8.1,32.8
IL,17165,26.072,2.41,3.27
IL,17167,192.789,5.82,411.39
IL,17169,7.073,1.63,1.65
IL,17171,5.412,9.35,9.41
IL,17173,22.322,2.47,3.33
IL,17175,6.169,1.94,1.95
IL,17177,47.965,8.79,8.92
IL,17179,129.999,69.79,123.8
IL,17181,18.202,3.1,3.4
IL,17183,82.344,5.27,17.13
IL,17185,12.57,3.95,3.97
IL,17187,17.558,3.57,3.62
IL,17189,14.922,2.78,3.99
IL,17191,16.796,3.61,4.86
IL,17193,15.284,14.46,14.89
IL,17195,59.863,53.88,54.94
IL,17197,642.813,59.6,2630.53
IL,17199,63.617,2.17,112.9
IL,17201,288.695,43.15,43.92
IL,17203,37.448,6.09,14.15
IN,18001,33.849,5.17,7.79
IN,18003,344.006,13.5,55.05
IN,18005,73.54,18.09,21.22
IN,18007,9.039,0.76,0.85
IN,18009,13.849,1.97,2.2
IN,18011,52.061,3.94,4.77
IN,18013,15.154,0.29,0.32
IN,18015,20.426,3.9,7.71
IN,18017,40.13,5.74,33.63
IN,18019,101.592,17.96,24.06
IN,18021,27.142,1.5,1.61
IN,18023,34.091,6.36,6.4
IN,18025,11.216,1.98,4.86
IN,18027,30.466,6.67,7.14
IN,18029,49.082,11.89,749.15
IN,18031,25.184,2.76,5.11
IN,18033,41.659,9.27,10.03
IN,18035,116.362,5.91,17.74
IN,18037,40.858,1.18,7.25
IN,18039,195.362,32.85,36.53
IN,18041,24.885,3.25,3.33
IN,18043,71.997,1.54,268.46
IN,18045,17.462,2.07,2.19
IN,18047,23.085,3.83,4.16
IN,18049,20.665,8.45,15.07
IN,18051,33.408,6.69,52.06
IN,18053,70.557,7.01,12.79
IN,18055,33.479,3.98,4.83
IN,18057,240.685,25.53,78.49
IN,18059,63.138,7.0,7.05
IN,18061,36.827,3.26,3.61
IN,18063,127.483,8.81,9.68
IN,18065,47.244,5.64,6.69
IN,18067,84.977,7.66,21.03
IN,18069,38.236,4.76,5.41
IN,18071,42.237,7.24,8.3
IN,18073,31.876,8.29,53.78
IN,18075,21.606,3.01,4.11
IN,18077,32.43,8.6,1287.63
IN,18079,28.427,0.69,3.56
IN,18081,128.436,15.24,15.52
IN,18083,38.366,11.23,54.53
IN,18085,76.072,22.99,26.37
IN,18087,36.875,12.18,14.74
IN,18089,493.297,11.41,1720.65
IN,18091,110.512,18.25,37.3
IN,18093,46.403,1.24,6.19
IN,18095,130.412,14.68,15.56
IN,18097,863.133,52.65,311.15
IN,18099,46.945,6.51,7.66
IN,18101,10.386,1.2,1.59
IN,18103,35.62,5.08,35.13
IN,18105,121.407,0.49,16.96
IN,18107,38.239,5.11,5.71
IN,18109,69.778,9.9,224.19
IN,18111,14.456,5.07,7.43
IN,18113,47.448,8.53,10.34
IN,18115,5.874,0.82,0.84
IN,18117,19.77,0.73,1.4
IN,18119,22.823,2.31,2.41
IN,18121,17.362,2.29,2.37
IN,18123,19.032,2.12,2.25
IN,18125,12.766,3.71,529.5
IN,18127,157.772,9.49,720.91
IN,18129,26.852,4.15,23.33
IN,18131,13.783,5.73,9.55
IN,18133,36.957,5.89,6.84
IN,18135,26.684,2.76,4.36
IN,18137,27.71,0.95,3.43
IN,18139,17.823,2.14,3.07
IN,18141,266.16,52.98,54.75
IN,18143,23.82,0.14,3.45
IN,18145,43.766,6.96,8.8
IN,18147,20.528,3.55,35.52
IN,18149,22.933,4.73,6.9
IN,18151,33.773,3.85,4.72
IN,18153,21.763,8.25,463.44
IN,18155,9.718,2.73,2.77
IN,18157,153.875,33.94,34.15
IN,18159,16.385,2.02,2.04
IN,18161,7.208,0.73,0.79
IN,18163,173.187,1.01,33.1
IN,18165,16.562,9.62,646.14
IN,18167,102.592,19.06,567.44
IN,18169,33.843,7.54,8.16
IN,18171,8.785,2.04,2.13
IN,18173,56.362,6.98,759.19
IN,18175,27.885,1.14,4.25
IN,18177,69.192,4.95,11.56
IN,18179,28.085,3.25,4.54
IN,18181,24.463,4.06,5.17
IN,18183,32.323,3.9,4.17
IA,19001,7.859,1.45,2.0
IA,19003,4.264,0.42,1.75
IA,19005,14.709,3.24,214.55
IA,19007,13.666,4.49,10.74
IA,19009,6.457,1.29,1.65
IA,19011,27.0,2.74,3.06
IA,19013,125.891,33.61,37.64
IA,19015,26.602,3.18,3.32
IA,19017,23.677,2.77,3.46
IA,19019,21.019,3.24,3.6
IA,19021,20.151,5.55,6.37
IA,19023,15.072,2.13,2.41
IA,19025,10.443,1.99,2.27
IA,19027,21.034,5.4,6.14
IA,19029,14.219,2.26,3.08
IA,19031,18.254,2.37,3.49
IA,19033,44.645,11.23,15.32
IA,19035,12.237,3.75,4.21
IA,19037,12.563,2.19,2.55
IA,19039,9.161,2.23,2.52
IA,19041,16.897,3.73,4.01
IA,19043,18.337,5.76,6.36
IA,19045,49.717,104.59,241.31
IA,19047,16.889,4.76,5.1
IA,19049,51.762,4.63,4.78
IA,19051,8.659,0.88,1.48
IA,19053,8.605,0.94,1.38
IA,19055,18.025,5.27,6.72
IA,19057,40.81,8.56,105.28
IA,19059,16.687,2.54,6.87
IA,19061,91.631,17.5,86.82
IA,19063,10.534,2.25,2.49
IA,19065,21.298,3.51,4.69
IA,19067,16.443,2.86,3.18
IA,19069,10.732,2.04,2.73
IA,19071,7.759,1.69,1.84
IA,19073,9.963,1.57,1.83
IA,19075,12.329,1.81,2.02
IA,19077,11.547,2.02,2.61
IA,19079,16.209,3.49,4.23
IA,19081,11.786,2.08,3.51
IA,19083,18.003,4.57,7.38
IA,19085,15.884,6.78,7.24
IA,19087,20.246,2.85,3.13
IA,19089,9.7,1.57,1.95
IA,19091,9.973,1.58,2.83
IA,19093,7.379,1.92,2.18
IA,19095,16.055,2.56,2.8
IA,19097,20.335,3.1,3.94
IA,19099,37.674,7.18,7.54
IA,19101,15.972,2.1,2.23
IA,19103,117.067,12.77,45.14
IA,19105,20.509,2.5,3.59
IA,19107,11.157,1.41,1.81
IA,19109,16.142,4.27,4.79
IA,19111,36.705,8.49,18.4
IA,19113,198.903,55.6,270.13
IA,19115,11.842,10.21,10.42
IA,19117,9.672,0.49,1.22
IA,19119,11.75,4.99,5.75
IA,19121,15.158,1.14,1.74
IA,19123,22.364,3.65,4.04
IA,19125,32.984,4.6,4.82
IA,19127,39.418,11.07,11.49
IA,19129,15.284,1.76,2.09
IA,19131,10.919,2.34,2.76
IA,19133,9.52,11.39,11.56
IA,19135,7.835,1.58,1.78
IA,19137,11.313,2.11,2.23
IA,19139,42.756,58.82,306.31
IA,19141,14.414,3.91,4.43
IA,19143,6.694,3.95,4.83
IA,19145,16.253,1.49,2.81
IA,19147,9.697,3.32,3.78
IA,19149,24.958,6.66,7.55
IA,19151,7.93,1.61,1.84
IA,19153,401.006,36.12,58.02
IA,19155,89.738,5.69,509.49
IA,19157,18.925,2.16,2.45
IA,19159,5.273,0.79,1.11
IA,19161,10.621,3.22,3.78
IA,19163,160.998,5.02,110.61
IA,19165,12.634,2.47,2.76
IA,19167,32.277,15.7,17.6
IA,19169,79.952,11.65,11.94
IA,19171,17.919,4.7,5.82
IA,19173,6.614,0.53,0.86
IA,19175,11.972,0.78,5.38
IA,19177,7.786,0.66,0.9
IA,19179,35.965,0.68,23.62
IA,19181,42.981,2.19,2.41
IA,19183,21.457,3.63,4.38
IA,19185,6.601,0.45,0.81
IA,19187,39.003,7.28,11.34
IA,19189,11.351,2.1,2.27
IA,19191,21.234,6.22,6.85
IA,19193,102.605,33.67,969.23
IA,19195,7.768,1.16,4.41
IA,19197,13.647,3.8,4.42
KS,20001,13.787,0.71,4.27
KS,20003,8.182,0.04,2.06
KS,20005,16.804,0.43,4.88
KS,20007,4.958,6.12,6.23
KS,20009,28.105,37.21,37.21
KS,20011,14.997,0.02,3.43
KS,20013,10.239,1.11,1.85
KS,20015,62.354,2.0,14.16
KS,20017,3.081,0.91,1.21
KS,20019,4.109,0.43,1.48
KS,20021,21.555,2.92,98.9
KS,20023,2.946,45.38,45.39
KS,20025,2.283,5.35,5.35
KS,20027,8.629,12.26,13.78
KS,20029,9.759,14.35,14.99
KS,20031,8.683,0.05,27.19
KS,20033,1.935,7.21,7.21
KS,20035,35.298,4.27,7.84
KS,20037,38.222,4.8,7.15
KS,20039,3.191,11.34,11.34
KS,20041,19.209,5.87,6.95
KS,20043,7.816,0.79,0.81
KS,20045,102.914,3.02,21.97
KS,20047,3.292,95.84,95.85
KS,20049,3.075,,0.97
KS,20051,26.767,6.03,6.1
KS,20053,6.343,2.61,3.28
KS,20055,38.988,248.0,248.0
KS,20057,33.751,90.56,90.56
KS,20059,26.247,0.2,3.37
KS,20061,24.585,8.21,8.65
KS,20063,2.763,19.06,19.06
KS,20065,2.721,11.54,11.55
KS,20067,7.53,91.65,91.65
KS,20069,5.861,179.37,179.38
KS,20071,1.349,19.77,19.77
KS,20073,7.338,0.02,2.3
KS,20075,2.604,29.27,34.47
KS,20077,6.081,2.73,3.0
KS,20079,33.843,42.44,42.79
KS,20081,4.232,164.36,164.36
KS,20083,2.11,25.49,25.56
KS,20085,13.535,1.06,2.17
KS,20087,19.106,3.78,4.06
KS,20089,3.352,2.45,28.34
KS,20091,506.562,9.82,17.93
KS,20093,4.516,113.22,158.16
KS,20095,8.165,17.25,18.2
KS,20097,2.984,50.38,50.38
KS,20099,22.169,0.05,4.54
KS,20101,1.894,15.79,15.79
KS,20103,73.113,4.97,8.23
KS,20105,3.411,1.0,1.64
KS,20107,9.914,0.01,11.83
KS,20109,2.794,8.04,8.04
KS,20111,35.609,0.11,10.73
KS,20113,29.523,31.0,32.89
KS,20115,12.952,1.81,3.99
KS,20117,10.405,2.73,3.92
KS,20119,4.625,125.21,125.21
KS,20121,30.496,0.02,6.86
KS,20123,6.42,1.16,15.56
KS,20125,34.57,0.31,11.26
KS,20127,6.049,0.5,1.66
KS,20129,3.196,31.52,31.52
KS,20131,10.443,3.24,3.35
KS,20133,16.529,0.4,3.89
KS,20135,3.009,4.28,4.57
KS,20137,5.664,9.67,10.11
KS,20139,17.15,0.03,2.22
KS,20141,4.05,2.38,3.54
KS,20143,6.123,3.51,3.66
KS,20145,6.739,68.59,68.88
KS,20147,5.504,6.62,6.85
KS,20149,19.129,15.67,43.35
KS,20151,9.496,78.39,79.2
KS,20153,2.672,17.66,17.67
KS,20155,63.558,62.8,62.8
KS,20157,5.164,19.31,21.35
KS,20159,10.452,24.85,24.85
KS,20161,62.826,6.43,6.72
KS,20163,5.351,2.82,2.82
KS,20165,3.406,8.5,8.52
KS,20167,6.845,0.19,1.12
KS,20169,53.919,6.8,11.19
KS,20171,4.6,47.67,47.68
KS,20173,466.061,60.18,94.76
KS,20175,23.274,132.18,132.18
KS,20177,172.365,10.23,36.13
KS,20179,2.591,73.03,73.03
KS,20181,6.153,106.74,106.74
KS,20183,4.121,2.96,3.36
KS,20185,4.488,75.91,75.91
KS,20187,2.245,81.9,81.9
KS,20189,5.412,162.82,162.82
KS,20191,24.797,7.97,9.31
KS,20193,7.639,95.63,95.63
KS,20195,3.05,5.88,6.31
KS,20197,6.919,3.64,4.89
KS,20199,1.573,50.97,50.99
KS,20201,6.009,5.52,7.52
KS,20203,2.309,50.61,50.61
KS,20205,9.834,0.14,2.61
KS,20207,3.572,,1.89
KS,20209,155.75,3.11,385.11
KY,21001,17.573,0.09,2.89
KY,21003,18.706,0.09,1.9
KY,21005,20.394,0.03,3.8
KY,21007,8.277,7.58,7.97
KY,21009,40.073,0.28,9.11
KY,21011,11.626,0.04,5.82
KY,21013,29.665,0.08,4.65
KY,21015,106.272,1.44,18.81
KY,21017,19.833,0.14,3.04
KY,21019,49.594,0.12,52.59
KY,21021,28.363,0.05,6.67
KY,21023,8.67,1.25,1.74
KY,21025,15.957,0.47,10.04
KY,21027,19.293,0.41,2.09
KY,21029,68.474,1.37,3.17
KY,21031,13.414,0.03,1.61
KY,21033,12.973,0.07,3.56
KY,21035,35.122,5.0,5.92
KY,21037,87.251,2.75,29.54
KY,21039,5.329,0.36,0.79
KY,21041,10.454,17.16,81.65
KY,21043,27.306,0.13,4.25
KY,21045,16.29,0.14,1.92
KY,21047,70.145,0.19,14.47
KY,21049,34.887,0.08,187.61
KY,21051,24.146,0.48,4.51
KY,21053,9.559,0.03,3.81
KY,21055,8.984,0.22,2.19
KY,21057,7.147,0.03,0.94
KY,21059,93.06,23.51,223.18
KY,21061,12.03,0.04,1.32
KY,21063,6.902,0.34,0.45
KY,21065,15.089,0.03,1.39
KY,21067,268.08,0.43,49.9
KY,21069,14.61,0.06,1.23
KY,21071,42.218,0.3,4.43
KY,21073,48.207,0.05,11.67
KY,21075,7.217,1.24,1.75
KY,21077,8.134,1.41,2.79
KY,21079,16.579,0.04,2.19
KY,21081,24.61,0.01,2.52
KY,21083,37.625,8.09,9.85
KY,21085,25.189,0.08,3.72
KY,21087,11.588,0.05,3.08
KY,21089,37.184,1.36,10.79
KY,21091,8.613,1.81,266.85
KY,21093,96.947,7.15,13.98
KY,21095,31.614,1.75,4.29
KY,21097,18.527,0.05,3.36
KY,21099,18.319,0.08,4.64
KY,21101,45.573,0.38,36.18
KY,21103,15.903,0.05,0.9
KY,21105,5.075,0.42,1.39
KY,21107,46.705,2.46,13.49
KY,21109,13.618,0.03,1.27
KY,21111,699.827,25.81,794.17
KY,21113,43.463,0.14,6.11
KY,21115,24.001,0.41,2.77
KY,21117,153.665,0.05,6.39
KY,21119,17.561,1.85,1.9
KY,21121,32.069,0.53,1.12
KY,21123,13.699,0.09,1.23
KY,21125,56.338,0.15,12.14
KY,21127,16.166,0.51,13.96
KY,21129,7.709,0.03,0.78
KY,21131,11.994,0.28,1.28
KY,21133,24.434,1.24,3.43
KY,21135,13.872,1.47,1.79
KY,21137,25.122,0.19,3.12
KY,21139,9.76,1.97,7.75
KY,21141,27.169,0.23,1.14
KY,21143,8.16,0.16,3.05
KY,21145,64.698,1.4,1300.48
KY,21147,17.233,0.08,2.0
KY,21149,9.926,0.12,1.56
KY,21151,77.749,0.09,13.1
KY,21153,13.472,0.11,0.94
KY,21155,18.939,0.06,5.5
KY,21157,30.967,4.93,23.01
KY,21159,12.215,0.19,4.91
KY,21161,17.14,7.42,15.72
KY,21163,28.447,1.31,4.74
KY,21165,6.809,0.01,0.63
KY,21167,21.61,0.04,25.87
KY,21169,10.197,0.2,1.04
KY,21171,11.66,0.07,2.42
KY,21173,24.256,0.03,3.3
KY,21175,14.334,0.31,0.52
KY,21177,31.548,0.09,496.73
KY,21179,41.088,0.1,7.82
KY,21181,7.027,0.02,2.69
KY,21183,23.676,0.68,19.08
KY,21185,53.533,4.83,5.91
KY,21187,11.374,0.08,2.37
KY,21189,4.746,0.01,0.32
KY,21191,15.125,0.03,1.55
KY,21193,29.452,0.5,4.77
KY,21195,66.922,1.97,14.36
KY,21197,13.687,0.01,1.23
KY,21199,59.2,0.12,132.75
KY,21201,2.279,0.03,0.17
KY,21203,16.712,0.03,2.49
KY,21205,22.226,0.04,6.83
KY,21207,17.02,0.07,4.1
KY,21209,39.38,0.39,4.15
KY,21211,38.205,0.09,4.73
KY,21213,17.021,0.05,2.2
KY,21215,15.651,0.08,0.9
KY,21217,23.754,0.07,5.67
KY,21219,11.944,0.06,0.97
KY,21221,13.349,0.06,6.06
KY,21223,9.023,2.74,15.7
KY,21225,15.592,0.07,3.83
KY,21227,98.96,0.58,19.62
KY,21229,11.399,0.05,2.47
KY,21231,20.352,0.02,2.67
KY,21233,14.161,0.18,77.77
KY,21235,38.029,0.54,2.74
KY,21237,7.07,0.11,0.66
KY,21239,24.246,0.07,54.13
LA,22001,59.552,249.32,293.9
LA,22003,25.27,27.51,30.02
LA,22005,90.501,12.44,202.78
LA,22007,23.196,17.04,23.05
LA,22009,42.098,24.57,30.82
LA,22011,34.562,31.91,32.91
LA,22013,15.176,13.51,13.72
LA,22015,105.541,7.27,18.99
LA,22017,251.309,18.28,338.06
LA,22019,185.419,102.33,309.83
LA,22021,10.563,2.12,3.63
LA,22023,9.558,10.53,31.75
LA,22025,10.447,20.8,25.37
LA,22027,16.309,7.73,7.76
LA,22029,19.273,24.6,38.61
LA,22031,26.383,4.62,546.96
LA,22033,411.417,147.3,167.96
LA,22035,8.756,35.84,45.13
LA,22037,20.823,3.36,3.64
LA,22039,35.54,72.99,141.5
LA,22041,20.38,46.12,51.3
LA,22043,19.503,1.95,4.75
LA,22045,74.388,26.86,38.28
LA,22047,32.386,30.46,933.78
LA,22049,15.135,2.26,2.3
LA,22051,452.824,4.01,1058.63
LA,22053,31.272,154.17,170.58
LA,22055,197.39,44.53,48.15
LA,22057,92.179,12.48,56.53
LA,22059,14.04,13.32,13.46
LA,22061,42.108,7.92,8.05
LA,22063,109.206,15.08,15.77
LA,22065,12.457,18.95,20.2
LA,22067,29.989,94.59,131.48
LA,22069,38.541,4.66,33.85
LA,22071,454.863,2.1,456.25
LA,22073,148.237,23.71,77.21
LA,22075,28.995,18.39,154.48
LA,22077,22.377,22.19,310.67
LA,22079,128.462,36.39,526.62
LA,22081,9.465,1.88,2.26
LA,22083,20.526,26.24,39.28
LA,22085,23.786,2.35,3.91
LA,22087,65.364,1.38,292.15
LA,22089,50.633,6.92,3131.83
LA,22091,10.259,2.73,4.02
LA,22093,21.15,3.8,389.42
LA,22095,46.393,13.65,619.5
LA,22097,89.937,51.29,65.75
LA,22099,50.434,15.57,56.67
LA,22101,51.416,8.47,162.38
LA,22103,220.295,24.2,25.32
LA,22105,106.502,19.35,19.79
LA,22107,6.125,18.82,20.69
LA,22109,107.491,6.47,11.39
LA,22111,22.901,5.53,5.75
LA,22113,55.195,45.07,156.89
LA,22115,48.745,7.84,8.06
LA,22117,44.623,30.48,37.5
LA,22119,41.356,10.45,10.89
LA,22121,21.634,14.34,14.36
LA,22123,11.806,24.85,29.13
LA,22125,15.199,6.0,58.37
LA,22127,15.968,13.48,13.62
ME,23001,108.039,5.72,15.81
ME,23003,73.24,6.98,18.42
ME,23005,274.95,8.69,131.27
ME,23007,29.704,2.49,3.18
ME,23009,53.66,3.08,65.56
ME,23011,120.986,7.88,12.47
ME,23013,41.219,1.46,5.39
ME,23015,35.24,1.9,2.71
ME,23017,56.628,5.6,38.58
ME,23019,147.068,7.27,45.13
ME,23021,17.674,1.63,2.63
ME,23023,36.962,2.07,3.58
ME,23025,51.667,25.34,87.31
ME,23027,38.705,3.75,4.12
ME,23029,33.448,4.45,50.16
ME,23031,202.315,10.84,118.32
MD,24001,73.639,1.61,44.32
MD,24003,510.878,43.24,599.84
MD,24005,786.113,11.45,838.94
MD,24009,87.925,7.38,3345.42
MD,24011,31.822,11.58,14.38
MD,24013,168.541,10.65,15.58
MD,24015,97.796,7.48,10.43
MD,24017,138.822,13.21,985.37
MD,24019,31.401,13.8,17.53
MD,24021,220.701,14.5,43.09
MD,24023,29.909,3.13,8.41
MD,24025,239.259,12.35,18.91
MD,24027,269.457,4.09,4.49
MD,24029,19.899,5.26,5.61
MD,24031,927.583,2.86,649.5
MD,24033,846.123,7.53,720.38
MD,24035,45.612,9.45,14.27
MD,24037,96.518,9.87,11.35
MD,24039,25.845,3.69,4.26
MD,24041,35.683,5.87,6.36
MD,24043,141.895,11.35,70.99
MD,24045,90.402,19.11,20.14
MD,24047,48.75,12.32,13.1
MD,24510,635.815,0.09,29.66
MA,25001,226.514,44.33,529.64
MA,25003,131.868,9.09,35.59
MA,25005,546.331,24.5,1056.99
MA,25007,15.592,3.94,4.0
MA,25009,738.301,14.79,505.15
MA,25011,72.334,6.42,34.37
MA,25013,461.591,11.87,167.05
MA,25015,153.339,29.27,37.35
MA,25017,1459.011,49.98,388.87
MA,25019,10.168,5.11,5.11
MA,25021,653.595,32.0,49.6
MA,25023,492.409,38.17,170.16
MA,25025,654.428,0.03,161.04
MA,25027,783.262,48.16,446.52
MI,26001,11.653,1.68,5.68
MI,26003,9.662,1.47,7.15
MI,26005,113.174,17.92,29.9
MI,26007,30.428,2.36,122.45
MI,26009,24.422,5.29,40.17
MI,26011,17.154,1.4,34.74
MI,26013,8.746,0.41,1.75
MI,26015,59.892,6.88,8.77
MI,26017,109.029,1.37,629.58
MI,26019,17.644,2.98,3.05
MI,26021,162.611,16.73,2327.16
MI,26023,46.46,20.96,32.61
MI,26025,139.191,29.61,35.55
MI,26027,51.996,19.2,23.28
MI,26029,26.722,14.11,21.46
MI,26031,27.463,3.28,3.64
MI,26033,38.78,4.52,9.33
MI,26035,31.653,3.62,4.11
MI,26037,69.329,9.15,11.05
MI,26039,15.074,2.45,2.53
MI,26041,38.347,2.16,65.36
MI,26043,28.032,4.22,23.72
MI,26045,107.394,8.91,11.09
MI,26047,33.58,6.32,7.31
MI,26049,443.883,19.32,20.43
MI,26051,27.209,2.51,2.53
MI,26053,16.861,1.82,10.94
MI,26055,83.971,7.85,14.45
MI,26057,42.345,6.72,9.0
MI,26059,47.066,8.41,10.35
MI,26061,35.705,4.12,4.26
MI,26063,34.64,4.3,90.91
MI,26065,278.592,46.78,237.55
MI,26067,64.608,10.89,11.86
MI,26069,26.992,1.96,4.19
MI,26071,12.299,2.2,2.74
MI,26073,65.618,7.75,8.88
MI,26075,163.629,20.37,22.62
MI,26077,240.536,70.24,80.33
MI,26079,17.239,3.9,4.36
MI,26081,596.666,30.79,85.63
MI,26083,2.195,0.2,0.22
MI,26085,12.069,1.28,2.15
MI,26087,93.361,7.16,9.3
MI,26089,22.157,3.59,4.51
MI,26091,102.033,9.74,15.06
MI,26093,181.517,21.93,25.9
MI,26095,6.789,1.12,1.18
MI,26097,11.331,0.88,10.13
MI,26099,829.453,4.74,12.15
MI,26101,25.226,4.85,38.91
MI,26103,64.76,13.29,342.19
MI,26105,28.986,3.04,29.01
MI,26107,42.391,7.39,15.98
MI,26109,24.996,1.74,5.92
MI,26111,84.064,3.4,14.71
MI,26113,15.299,4.06,4.63
MI,26115,153.935,17.81,1846.73
MI,26117,63.893,34.55,40.12
MI,26119,10.445,1.12,1.34
MI,26121,175.554,14.62,323.1
MI,26123,50.019,9.21,12.59
MI,26125,1214.361,53.93,61.99
MI,26127,28.473,5.79,7.13
MI,26129,21.905,2.64,3.55
MI,26131,7.363,0.5,7.3
MI,26133,23.75,6.41,7.23
MI,26135,9.298,1.18,1.47
MI,26137,24.665,4.47,4.6
MI,26139,255.406,17.1,854.52
MI,26141,14.33,2.14,13.63
MI,26143,26.079,2.71,3.23
MI,26145,208.356,4.43,20.17
MI,26147,171.426,6.0,1668.09
MI,26149,62.984,55.23,77.77
MI,26151,44.752,5.71,6.87
MI,26153,8.819,0.59,13.0
MI,26155,72.945,7.19,8.62
MI,26157,58.428,7.89,10.32
MI,26159,78.812,20.16,146.53
MI,26161,341.847,20.3,37.88
MI,26163,1998.217,0.97,1858.74
MI,26165,31.876,8.73,8.95
MN,27001,16.174,1.44,4.6
MN,27003,323.996,36.55,97.91
MN,27005,31.868,10.71,14.52
MN,27007,42.871,4.68,7.66
MN,27009,38.505,13.91,24.11
MN,27011,5.481,1.7,1.74
MN,27013,58.03,12.69,32.19
MN,27015,26.534,4.32,4.6
MN,27017,34.026,3.25,9.75
MN,27019,84.864,10.52,10.66
MN,27021,28.91,5.44,6.59
MN,27023,12.802,2.17,2.96
MN,27025,49.4,12.69,14.77
MN,27027,53.838,5.01,9.51
MN,27029,8.476,1.11,5.72
MN,27031,5.367,0.27,171.51
MN,27033,11.834,4.15,4.67
MN,27035,59.917,9.26,12.57
MN,27037,383.592,83.42,394.58
MN,27039,19.595,2.8,2.85
MN,27041,35.138,14.7,22.89
MN,27043,15.506,3.09,3.09
MN,27045,21.368,5.17,5.25
MN,27047,31.946,5.44,5.46
MN,27049,45.585,7.83,619.32
MN,27051,6.114,1.69,1.69
MN,27053,1119.364,98.05,320.77
MN,27055,19.941,2.87,2.91
MN,27057,18.861,13.72,13.91
MN,27059,37.664,4.47,4.61
MN,27061,44.384,4.96,185.01
MN,27063,11.182,2.06,2.17
MN,27065,16.215,1.83,1.86
MN,27067,41.199,18.99,21.96
MN,27069,4.792,1.08,1.4
MN,27071,13.907,0.65,47.54
MN,27073,7.604,4.36,4.48
MN,27075,11.156,0.37,130.89
MN,27077,4.421,0.49,1.37
MN,27079,27.49,4.95,19.68
MN,27081,6.05,1.8,1.83
MN,27083,24.472,6.07,6.52
MN,27085,36.636,6.45,6.72
MN,27087,5.113,3.34,3.34
MN,27089,9.965,1.05,1.27
MN,27091,21.002,3.01,17.76
MN,27093,23.371,5.86,7.83
MN,27095,25.68,3.07,3.14
MN,27097,32.788,16.42,17.92
MN,27099,38.799,9.04,9.23
MN,27101,8.852,1.8,2.01
MN,27103,30.848,6.34,6.53
MN,27105,20.508,4.93,5.09
MN,27107,7.003,0.77,0.77
MN,27109,135.189,18.08,47.98
MN,27111,57.658,52.94,150.58
MN,27113,13.608,0.58,2.67
MN,27115,28.485,3.35,3.59
MN,27117,9.421,4.9,5.02
MN,27119,31.133,5.53,24.67
MN,27121,11.252,22.32,22.34
MN,27123,494.92,24.65,198.46
MN,27125,4.317,1.12,1.67
MN,27127,16.022,2.66,3.02
MN,27129,16.764,3.82,3.99
MN,27131,60.949,8.66,9.83
MN,27133,9.52,3.01,3.09
MN,27135,16.495,1.86,1.88
MN,27137,197.179,8.88,287.7
MN,27139,119.825,17.33,17.81
MN,27141,81.752,34.21,92.88
MN,27143,15.237,3.13,3.28
MN,27145,142.654,38.04,49.49
MN,27147,35.755,6.73,7.75
MN,27149,9.826,6.28,6.48
MN,27151,11.324,12.46,12.53
MN,27153,24.603,10.96,12.68
MN,27155,3.81,0.42,0.42
MN,27157,22.2,4.88,4.94
MN,27159,13.65,9.34,12.99
MN,27161,19.33,2.98,3.06
MN,27163,220.426,30.22,359.93
MN,27165,11.234,3.7,3.73
MN,27167,6.802,0.77,0.88
MN,27169,49.276,9.01,9.01
MN,27171,110.73,14.74,334.01
MN,27173,10.449,2.99,3.21
MS,28001,32.099,6.81,6.87
MS,28003,35.306,4.9,5.3
MS,28005,13.435,1.94,2.35
MS,28007,19.552,2.57,2.85
MS,28009,7.852,2.12,2.32
MS,28011,38.641,316.0,331.79
MS,28013,14.652,2.17,3.18
MS,28015,10.397,6.56,6.96
MS,28017,19.184,2.32,9.08
MS,28019,9.572,5.36,5.6
MS,28021,11.492,28.57,29.06
MS,28023,17.67,2.34,2.64
MS,28025,21.223,5.38,6.11
MS,28027,29.002,133.1,139.7
MS,28029,29.164,5.19,5.78
MS,28031,20.273,6.1,7.58
MS,28033,137.004,31.15,32.01
MS,28035,75.095,18.98,32.36
MS,28037,8.411,1.05,1.15
MS,28039,21.259,2.58,3.27
MS,28041,13.183,1.78,2.93
MS,28043,22.861,5.79,10.08
MS,28045,46.711,10.1,10.84
MS,28047,193.81,40.89,195.26
MS,28049,249.345,15.64,46.27
MS,28051,21.099,47.84,49.93
MS,28053,10.527,119.11,122.29
MS,28055,1.909,10.71,11.12
MS,28057,23.359,1.56,10.94
MS,28059,135.94,17.0,54.44
MS,28061,18.162,2.23,2.54
MS,28063,9.432,0.57,0.65
MS,28065,13.158,2.23,2.52
MS,28067,66.16,16.54,17.2
MS,28069,10.246,1.46,1.75
MS,28071,40.842,3.42,3.59
MS,28073,44.616,21.32,21.65
MS,28075,77.218,11.83,11.97
MS,28077,13.502,2.61,38.63
MS,28079,22.453,4.88,5.76
MS,28081,78.793,4.08,4.57
MS,28083,36.431,205.55,213.56
MS,28085,33.906,5.18,5.45
MS,28087,59.895,14.94,41.74
MS,28089,84.286,12.93,13.86
MS,28091,25.235,4.22,5.06
MS,28093,35.659,3.79,4.13
MS,28095,37.704,19.02,27.69
MS,28097,11.829,1.62,1.81
MS,28099,29.905,4.25,4.83
MS,28101,22.366,2.57,3.11
MS,28103,12.202,3.76,29.89
MS,28105,41.247,6.05,6.44
MS,28107,35.331,27.65,28.96
MS,28109,52.659,6.41,6.77
MS,28111,12.16,2.51,21.22
MS,28113,39.426,7.63,8.11
MS,28115,28.208,1.9,2.22
MS,28117,25.593,2.28,2.34
MS,28119,9.512,76.5,80.37
MS,28121,131.841,20.81,21.64
MS,28123,28.739,10.32,10.94
MS,28125,5.967,30.72,32.03
MS,28127,27.944,4.79,5.3
MS,28129,16.058,4.17,4.78
MS,28131,14.862,2.55,3.22
MS,28133,32.311,272.26,282.95
MS,28135,14.191,98.24,103.1
MS,28137,26.548,3.3,3.52
MS,28139,21.212,4.94,5.15
MS,28141,19.202,2.8,2.84
MS,28143,10.321,121.78,127.53
MS,28145,26.784,2.68,2.88
MS,28147,15.46,2.77,3.26
MS,28149,49.131,10.32,257.7
MS,28151,59.22,218.38,228.31
MS,28153,21.291,2.89,3.38
MS,28155,10.092,1.46,1.67
MS,28157,10.269,2.16,4.17
MS,28159,19.87,3.65,3.89
MS,28161,13.417,3.14,4.56
MS,28163,28.195,31.73,46.43
MO,29001,24.509,0.41,3.23
MO,29003,16.899,0.76,1.54
MO,29005,6.246,6.2,6.33
MO,29007,25.759,5.12,13.6
MO,29009,35.599,7.14,20.81
MO,29011,13.057,8.91,12.05
MO,29013,17.027,0.45,4.26
MO,29015,18.854,3.22,3.72
MO,29017,12.325,13.66,14.01
MO,29019,143.326,19.19,20.43
MO,29021,84.904,1.28,102.94
MO,29023,41.338,332.05,339.67
MO,29025,9.307,0.51,1.24
MO,29027,42.541,9.09,34.35
MO,29029,39.432,4.01,14.7
MO,29031,71.161,22.73,30.01
MO,29033,10.193,3.48,3.93
MO,29035,5.91,0.73,0.83
MO,29037,94.232,0.75,5.84
MO,29039,14.16,1.6,2.17
MO,29041,8.124,0.54,1.18
MO,29043,67.266,7.4,8.84
MO,29045,7.323,1.24,1.54
MO,29047,202.078,59.9,178.7
MO,29049,20.715,0.17,2.5
MO,29051,72.757,4.53,11.31
MO,29053,17.294,0.84,2.93
MO,29055,23.932,2.66,3.09
MO,29057,7.83,4.03,5.47
MO,29059,16.437,1.88,2.62
MO,29061,8.121,1.42,2.27
MO,29063,12.342,0.32,0.84
MO,29065,15.083,1.58,32.52
MO,29067,13.594,1.5,21.06
MO,29069,32.545,88.92,89.41
MO,29071,99.09,11.99,1155.54
MO,29073,15.745,1.91,2.59
MO,29075,6.555,1.05,2.31
MO,29077,250.784,15.7,221.16
MO,29079,10.327,0.46,2.72
MO,29081,8.876,0.27,1.31
MO,29083,22.577,0.81,417.48
MO,29085,9.271,1.02,1.43
MO,29087,5.081,7.36,7.46
MO,29089,9.957,2.49,3.34
MO,29091,38.4,3.31,4.34
MO,29093,10.273,4.04,4.32
MO,29095,662.959,8.08,546.84
MO,29097,110.624,14.1,28.69
MO,29099,213.669,13.12,793.8
MO,29101,50.784,5.11,6.2
MO,29103,4.171,0.55,1.49
MO,29105,34.492,4.97,17.04
MO,29107,33.108,1.54,4.63
MO,29109,37.127,4.96,6.86
MO,29111,10.186,2.15,2.63
MO,29113,47.727,6.06,6.7
MO,29115,13.133,0.81,2.45
MO,29117,14.291,2.48,2.78
MO,29119,22.844,6.06,7.26
MO,29121,15.6,0.18,3.53
MO,29123,12.151,0.65,1.38
MO,29125,8.989,0.96,1.5
MO,29127,28.375,3.0,7.88
MO,29129,3.595,0.82,2.34
MO,29131,24.712,3.59,4.58
MO,29133,13.599,82.62,82.64
MO,29135,15.084,2.26,3.02
MO,29137,9.379,0.19,5.76
MO,29139,12.166,1.14,2.17
MO,29141,20.436,3.07,12.1
MO,29143,18.566,238.14,1027.19
MO,29145,55.554,7.19,10.8
MO,29147,21.71,0.85,2.82
MO,29149,10.403,1.41,1.97
MO,29151,13.485,1.67,61.78
MO,29153,9.49,0.94,26.86
MO,29155,19.412,83.36,83.83
MO,29157,18.571,1.85,2.83
MO,29159,40.121,6.43,9.14
MO,29161,42.125,4.4,9.99
MO,29163,18.762,4.65,12.55
MO,29165,82.085,4.4,432.86
MO,29167,28.892,3.65,5.0
MO,29169,44.187,3.02,7.3
MO,29171,5.168,0.48,1.94
MO,29173,9.761,0.56,1.7
MO,29175,25.336,0.43,580.99
MO,29177,24.101,5.13,5.65
MO,29179,6.585,5.77,5.89
MO,29181,13.851,25.49,31.01
MO,29183,329.94,14.23,628.75
MO,29185,9.686,1.23,1.81
MO,29186,18.198,5.3,5.59
MO,29187,61.661,6.79,7.43
MO,29189,1004.666,6.63,789.64
MO,29195,23.075,3.91,4.54
MO,29197,4.308,0.24,0.49
MO,29199,4.928,0.31,0.85
MO,29201,41.143,107.63,107.89
MO,29203,8.367,0.85,1.08
MO,29205,6.744,1.22,2.08
MO,29207,29.714,331.78,334.8
MO,29209,30.931,4.18,4.51
MO,29211,6.907,0.52,3.59
MO,29213,42.985,5.2,32.68
MO,29215,24.614,3.3,4.41
MO,29217,20.441,3.46,6.01
MO,29219,28.764,2.33,2.54
MO,29221,24.032,3.07,3.28
MO,29223,13.097,1.34,1.93
MO,29225,34.745,3.35,4.65
MO,29227,2.174,0.15,0.34
MO,29229,18.306,2.13,3.28
MO,29510,344.362,,140.95
MT,30001,8.773,7.45,1185.6
MT,30003,13.149,7.85,278.98
MT,30005,6.629,4.18,236.49
MT,30007,4.517,3.81,241.31
MT,30009,9.902,2.28,417.64
MT,30011,1.32,1.28,10.78
MT,30013,79.569,4.88,189.2
MT,30015,5.463,2.08,80.28
MT,30017,11.267,1.29,121.66
MT,30019,1.836,1.43,3.05
MT,30021,8.688,1.54,53.93
MT,30023,8.948,5.08,67.29
MT,30025,2.717,1.27,2.15
MT,30027,11.551,4.51,71.38
MT,30029,83.172,25.98,74.34
MT,30031,78.21,24.37,470.09
MT,30033,1.199,0.73,15.99
MT,30035,13.552,1.58,86.97
MT,30037,1.159,0.38,44.05
MT,30039,2.965,1.15,137.75
MT,30041,16.304,2.1,20.02
MT,30043,11.17,4.74,161.47
MT,30045,2.198,2.12,71.38
MT,30047,28.297,8.84,291.75
MT,30049,58.449,13.89,220.33
MT,30051,2.003,0.31,57.54
MT,30053,19.193,2.44,33.95
MT,30055,1.805,0.57,26.56
MT,30057,7.274,3.39,647.69
MT,30059,1.999,3.02,377.22
MT,30061,4.014,3.65,8.06
MT,30063,100.086,51.72,112.65
MT,30065,4.497,1.89,97.77
MT,30067,15.968,6.41,507.98
MT,30069,0.47,0.42,42.11
MT,30071,4.179,3.5,166.21
MT,30073,6.087,2.49,239.46
MT,30075,1.705,1.26,39.91
MT,30077,6.999,3.49,247.39
MT,30079,1.105,1.36,54.11
MT,30081,39.94,11.71,293.51
MT,30083,9.096,3.22,374.53
MT,30085,10.524,3.21,93.26
MT,30087,9.212,2.7,244.97
MT,30089,11.057,5.95,56.97
MT,30091,3.524,9.95,13.76
MT,30093,32.982,6.08,66.74
MT,30095,8.493,1.9,106.95
MT,30097,3.672,1.79,292.04
MT,30099,6.24,2.44,561.66
MT,30101,5.031,1.41,16.02
MT,30103,0.689,0.96,72.53
MT,30105,7.143,5.14,236.66
MT,30107,2.037,3.32,123.85
MT,30109,0.951,0.23,2.28
MT,30111,136.691,7.36,347.68
NE,31001,33.07,274.66,277.66
NE,31003,7.004,213.65,217.74
NE,31005,0.378,8.3,8.4
NE,31007,0.733,22.1,26.39
NE,31009,0.484,8.92,9.5
NE,31011,5.772,160.2,165.45
NE,31013,11.374,187.09,193.0
NE,31015,2.261,4.34,5.98
NE,31017,3.328,16.07,80.56
NE,31019,43.572,247.95,258.27
NE,31021,7.455,43.52,45.39
NE,31023,8.72,105.14,123.64
NE,31025,25.734,17.12,20.36
NE,31027,9.066,81.26,84.09
NE,31029,3.866,170.11,170.37
NE,31031,6.098,35.42,52.44
NE,31033,9.993,75.44,77.87
NE,31035,6.733,156.16,161.11
NE,31037,10.433,75.81,78.39
NE,31039,9.688,48.36,51.46
NE,31041,11.41,232.39,258.33
NE,31043,20.349,21.64,22.01
NE,31045,8.636,16.35,27.93
NE,31047,24.617,200.75,319.15
NE,31049,2.004,22.18,28.71
NE,31051,6.155,18.46,21.5
NE,31053,36.078,109.08,113.67
NE,31055,486.929,39.23,789.53
NE,31057,2.133,104.75,110.38
NE,31059,6.385,146.81,163.14
NE,31061,3.421,122.95,124.36
NE,31063,2.795,58.41,59.15
NE,31065,5.019,45.66,57.53
NE,31067,23.306,28.04,102.62
NE,31069,1.997,40.5,57.47
NE,31071,1.816,13.07,20.15
NE,31073,2.02,60.88,67.62
NE,31075,0.67,2.82,2.92
NE,31077,2.512,90.51,97.43
NE,31079,55.104,237.32,240.15
NE,31081,9.568,278.74,293.41
NE,31083,3.462,73.55,79.95
NE,31085,1.027,52.58,52.73
NE,31087,2.97,38.21,45.93
NE,31089,10.784,243.08,271.16
NE,31091,0.744,4.03,4.3
NE,31093,6.708,115.43,131.19
NE,31095,7.925,48.16,60.04
NE,31097,4.695,8.97,13.83
NE,31099,6.774,165.48,176.15
NE,31101,8.33,136.7,165.66
NE,31103,0.902,15.81,19.69
NE,31105,3.782,48.24,50.76
NE,31107,8.916,43.03,53.77
NE,31109,264.814,19.7,23.91
NE,31111,35.636,249.45,938.67
NE,31113,0.74,23.4,23.95
NE,31115,0.686,11.84,15.7
NE,31117,0.507,9.42,9.91
NE,31119,35.488,104.49,104.93
NE,31121,8.066,197.17,201.46
NE,31123,5.165,76.92,228.0
NE,31125,3.666,66.06,82.34
NE,31127,6.965,4.53,1125.02
NE,31129,4.739,39.34,48.39
NE,31131,15.509,3.4,471.93
NE,31133,2.878,1.89,5.19
NE,31135,3.057,125.2,125.3
NE,31137,9.449,176.44,204.98
NE,31139,7.6,109.33,111.92
NE,31141,31.262,223.11,229.01
NE,31143,5.421,162.55,171.32
NE,31145,11.06,52.59,53.17
NE,31147,8.732,2.64,3.18
NE,31149,1.567,37.17,39.43
NE,31151,14.195,57.92,71.77
NE,31153,139.371,26.64,28.3
NE,31155,20.458,143.23,148.94
NE,31157,36.752,44.69,264.09
NE,31159,16.739,122.39,135.77
NE,31161,5.668,76.53,96.51
NE,31163,3.112,48.28,88.44
NE,31165,1.458,20.67,49.8
NE,31167,6.534,29.42,30.19
NE,31169,5.436,101.7,107.64
NE,31171,0.623,2.51,2.7
NE,31173,7.365,12.01,13.42
NE,31175,4.402,79.94,139.16
NE,31177,19.772,14.53,581.69
NE,31179,9.211,34.42,36.33
NE,31181,3.762,47.92,49.52
NE,31183,0.82,49.98,50.57
NE,31185,14.397,267.38,281.48
NV,32001,24.556,10.54,179.3
NV,32003,1710.551,103.48,607.74
NV,32005,47.017,21.29,52.02
NV,32007,45.57,49.64,356.88
NV,32009,0.787,38.17,41.74
NV,32011,1.428,82.69,84.63
NV,32013,17.129,247.96,263.87
NV,32015,5.114,87.81,107.33
NV,32017,4.391,45.27,50.94
NV,32019,47.515,111.55,217.76
NV,32021,4.91,8.81,13.28
NV,32023,40.477,40.78,68.57
NV,32027,6.36,31.34,131.84
NV,32029,4.074,1.34,3.76
NV,32031,389.872,37.28,116.86
NV,32033,8.994,58.86,71.07
NV,32510,56.062,4.52,9.92
NH,33001,61.55,4.69,8.7
NH,33003,47.44,4.42,6.11
NH,33005,77.28,6.66,8.54
NH,33007,33.66,2.78,40.17
NH,33009,84.71,6.34,13.08
NH,33011,401.29,25.13,58.61
NH,33013,146.88,9.59,245.34
NH,33015,295.08,24.0,916.02
NH,33017,119.01,7.39,20.68
NH,33019,43.04,2.75,6.44
NJ,34001,271.015,47.46,51.37
NJ,34003,902.561,29.89,123.82
NJ,34005,450.743,43.25,104.86
NJ,34007,518.249,53.94,55.37
NJ,34009,99.286,18.3,217.55
NJ,34011,153.252,41.52,58.08
NJ,34013,791.057,24.06,32.52
NJ,34015,276.91,35.94,75.01
NJ,34017,603.521,0.1,609.52
NJ,34019,130.404,11.69,23.07
NJ,34021,366.256,15.4,691.57
NJ,34023,789.516,43.02,645.13
NJ,34025,635.952,25.46,82.9
NJ,34027,490.593,58.1,75.95
NJ,34029,558.341,61.14,1466.24
NJ,34031,499.06,6.63,164.0
NJ,34033,66.346,13.19,2700.58
NJ,34035,319.9,9.91,146.81
NJ,34037,153.13,14.0,16.36
NJ,34039,531.457,13.44,22.02
NJ,34041,110.376,25.7,27.79
NM,35001,603.562,112.51,149.86
NM,35003,3.409,0.92,19.15
NM,35005,61.86,239.87,256.85
NM,35006,27.62,7.4,13.97
NM,35007,13.755,2.64,51.87
NM,35009,45.846,130.24,130.41
NM,35011,2.016,13.3,45.13
NM,35013,189.444,179.72,465.2
NM,35015,51.437,130.64,204.93
NM,35017,29.747,27.5,50.94
NM,35019,4.369,3.11,24.78
NM,35021,0.74,3.45,3.49
NM,35023,5.139,82.27,89.51
NM,35025,56.719,162.94,163.0
NM,35027,21.007,6.92,23.17
NM,35028,18.822,3.82,3.82
NM,35029,26.498,121.69,182.58
NM,35031,71.918,13.77,17.16
NM,35033,5.107,0.84,20.38
NM,35035,63.538,26.55,41.96
NM,35037,9.259,7.45,41.56
NM,35039,40.828,4.79,110.14
NM,35041,18.238,179.93,180.02
NM,35043,107.46,19.79,69.29
NM,35045,126.208,2.15,332.67
NM,35047,29.53,1.7,35.85
NM,35049,140.855,27.76,47.36
NM,35051,12.815,14.31,40.59
NM,35053,18.148,33.87,145.58
NM,35055,31.722,9.07,108.27
NM,35057,17.501,41.0,41.04
NM,35059,3.85,47.76,47.96
NM,35061,69.417,17.35,173.44
NY,36001,297.414,4.0,128.49
NY,36003,50.602,5.64,7.11
NY,36005,1357.589,3.96,4.12
NY,36007,196.947,22.73,117.58
NY,36009,82.502,12.95,19.52
NY,36011,81.454,4.25,14.77
NY,36013,136.409,14.06,461.01
NY,36015,89.512,5.73,15.69
NY,36017,51.755,5.21,7.41
NY,36019,82.047,4.27,13.86
NY,36021,63.622,5.88,8.9
NY,36023,48.622,8.2,8.74
NY,36025,47.534,4.05,453.61
NY,36027,294.849,17.4,38.67
NY,36029,930.703,7.36,802.38
NY,36031,38.676,1.85,8.96
NY,36033,51.033,3.52,19.01
NY,36035,55.625,2.48,9.57
NY,36037,59.257,4.43,11.85
NY,36039,49.682,2.34,5.83
NY,36041,5.228,0.67,1.12
NY,36043,63.78,6.22,14.78
NY,36045,116.384,4.3,15.62
NY,36047,2486.235,13.85,13.94
NY,36049,26.571,3.29,8.09
NY,36051,64.205,2.8,8.2
NY,36053,70.337,5.51,7.09
NY,36055,733.366,8.81,226.85
NY,36057,48.968,2.55,13.2
NY,36059,1333.137,199.27,551.53
NY,36061,1593.2,27.78,287.61
NY,36063,217.008,2.33,290.97
NY,36065,234.105,9.86,42.92
NY,36067,458.053,11.73,147.48
NY,36069,104.461,3.4,14.17
NY,36071,372.893,20.27,855.09
NY,36073,43.387,1.47,5.42
NY,36075,123.373,6.92,1254.99
NY,36077,62.746,4.04,6.73
NY,36079,100.507,7.09,111.38
NY,36081,2241.6,61.75,1738.25
NY,36083,155.251,6.74,26.71
NY,36085,464.573,0.93,653.89
NY,36087,292.916,7.42,1007.47
NY,36089,111.38,7.13,16.38
NY,36091,214.859,14.06,23.91
NY,36093,149.078,28.39,28.9
NY,36095,32.277,2.67,170.83
NY,36097,19.342,2.18,3.26
NY,36099,34.855,1.29,4.65
NY,36101,98.632,17.42,23.77
NY,36103,1474.927,178.31,1507.99
NY,36105,76.539,7.08,107.75
NY,36107,51.475,5.89,7.92
NY,36109,100.018,2.0,254.17
NY,36111,182.693,11.11,472.47
NY,36113,65.548,2.23,11.96
NY,36115,63.024,5.85,10.25
NY,36117,93.609,3.17,459.89
NY,36119,940.807,12.15,2528.99
NY,36121,42.693,5.19,10.32
NY,36123,24.756,1.7,71.16
NC,37001,140.533,4.62,24.25
NC,37003,35.492,1.36,5.13
NC,37005,10.9,1.14,4.12
NC,37007,25.499,1.96,10.9
NC,37009,25.347,2.34,3.34
NC,37011,17.641,1.71,12.36
NC,37013,46.018,83.92,84.69
NC,37015,19.48,6.66,10.52
NC,37017,32.938,11.67,56.63
NC,37019,89.162,6.61,1568.41
NC,37021,218.876,5.27,303.82
NC,37023,89.399,2.79,18.88
NC,37025,150.244,4.71,17.68
NC,37027,79.122,2.2,11.62
NC,37029,8.967,0.82,0.86
NC,37031,62.525,7.51,7.87
NC,37033,23.608,2.68,3.06
NC,37035,151.641,5.79,1182.19
NC,37037,58.002,6.09,159.35
NC,37039,25.796,1.42,31.51
NC,37041,14.528,1.57,6.04
NC,37043,9.765,0.87,1.18
NC,37045,98.288,1.7,271.63
NC,37047,54.746,7.08,48.58
NC,37049,90.795,34.62,52.34
NC,37051,304.52,6.13,41.16
NC,37053,23.112,2.45,3.25
NC,37055,33.903,9.37,9.57
NC,37057,154.623,3.21,11.99
NC,37059,39.136,1.86,14.19
NC,37061,51.985,27.99,43.56
NC,37063,242.582,4.6,40.91
NC,37065,54.129,5.42,14.88
NC,37067,325.967,5.36,54.62
NC,37069,54.429,3.18,7.34
NC,37071,196.137,5.84,1071.6
NC,37073,11.224,2.37,3.0
NC,37075,8.085,0.43,42.04
NC,37077,53.674,2.49,7.19
NC,37079,20.026,6.07,9.14
NC,37081,443.519,8.06,60.21
NC,37083,56.023,1.63,33.38
NC,37085,103.692,6.33,14.03
NC,37087,56.482,1.8,45.45
NC,37089,97.217,3.41,13.62
NC,37091,23.574,6.57,8.53
NC,37093,41.016,3.63,5.08
NC,37095,5.413,0.74,1.02
NC,37097,140.924,8.16,19.0
NC,37099,35.368,1.57,4.48
NC,37101,146.437,10.02,23.23
NC,37103,10.311,4.3,5.18
NC,37105,55.704,1.5,14.34
NC,37107,57.961,10.68,13.53
NC,37109,69.851,3.6,11.39
NC,37111,43.201,4.92,8.57
NC,37113,32.148,1.84,323.36
NC,37115,20.256,1.51,3.26
NC,37117,24.643,81.29,160.31
NC,37119,796.372,5.42,2664.18
NC,37121,15.784,1.14,4.46
NC,37123,27.322,2.22,7.83
NC,37125,81.685,9.49,22.55
NC,37127,91.378,3.59,22.65
NC,37129,179.553,11.8,39.71
NC,37131,21.483,4.83,6.78
NC,37133,152.44,17.95,18.58
NC,37135,118.386,2.32,15.09
NC,37137,12.735,3.29,3.29
NC,37139,38.27,6.58,7.16
NC,37141,46.429,6.35,9.31
NC,37143,12.08,3.81,4.46
NC,37145,37.217,1.95,1056.28
NC,37147,142.57,12.94,25.62
NC,37149,19.134,1.24,2.45
NC,37151,138.367,8.39,19.91
NC,37153,46.781,3.86,12.93
NC,37155,127.586,15.44,32.98
NC,37157,92.614,3.38,281.95
NC,37159,135.099,5.42,361.04
NC,37161,63.771,2.63,13.45
NC,37163,63.063,24.49,42.05
NC,37165,37.18,5.12,6.49
NC,37167,58.964,5.08,14.48
NC,37169,45.858,2.26,1235.78
NC,37171,72.601,4.63,23.92
NC,37173,13.167,0.77,17.2
NC,37175,29.626,1.95,523.22
NC,37177,4.157,0.65,0.66
NC,37179,162.929,11.25,66.75
NC,37181,43.771,2.16,10.21
NC,37183,748.815,16.19,133.45
NC,37185,19.729,1.36,3.24
NC,37187,13.282,4.95,5.8
NC,37189,42.472,3.18,7.4
NC,37191,114.448,10.46,45.08
NC,37193,67.39,6.5,19.51
NC,37195,76.281,4.47,16.93
NC,37197,37.668,3.94,5.79
NC,37199,18.201,1.2,2.2
ND,38001,2.433,0.31,0.49
ND,38003,11.075,0.98,2.09
ND,38005,6.999,2.41,2.57
ND,38007,0.813,0.66,1.3
ND,38009,6.741,1.41,1.7
ND,38011,3.048,3.15,3.83
ND,38013,2.032,0.34,0.64
ND,38015,73.818,2.72,15.29
ND,38017,131.019,5.04,15.88
ND,38019,4.33,0.13,0.86
ND,38021,5.487,4.0,4.5
ND,38023,2.149,2.44,2.6
ND,38025,3.442,1.0,1.99
ND,38027,2.626,0.94,1.32
ND,38029,3.845,2.67,5.04
ND,38031,3.58,2.75,2.84
ND,38033,1.739,0.27,0.65
ND,38035,65.94,8.18,11.6
ND,38037,2.615,0.63,13.61
ND,38039,2.497,2.21,2.29
ND,38041,2.486,0.22,0.38
ND,38043,2.481,17.31,17.78
ND,38045,4.384,3.83,4.04
ND,38047,2.059,2.15,2.42
ND,38049,5.511,7.55,20.21
ND,38051,3.013,0.68,0.89
ND,38053,5.594,3.02,13.85
ND,38055,8.604,2.1,22.44
ND,38057,8.364,1.58,500.07
ND,38059,25.528,1.57,63.43
ND,38061,6.513,0.84,1.58
ND,38063,3.424,0.88,0.94
ND,38065,1.813,1.31,514.37
ND,38067,8.038,1.34,2.01
ND,38069,4.291,1.07,1.19
ND,38071,11.429,0.31,0.39
ND,38073,5.81,8.89,10.26
ND,38075,2.422,0.26,0.3
ND,38077,17.34,3.94,5.97
ND,38079,13.864,2.27,2.44
ND,38081,4.15,3.97,4.11
ND,38083,1.43,0.39,0.51
ND,38085,4.182,0.51,0.72
ND,38087,0.709,0.27,0.85
ND,38089,22.073,1.4,1.91
ND,38091,2.007,0.92,0.95
ND,38093,20.835,12.4,12.69
ND,38095,2.544,0.3,0.35
ND,38097,8.321,0.77,1.18
ND,38099,11.607,1.13,2.2
ND,38101,55.767,7.51,8.27
ND,38103,4.574,0.83,1.09
ND,38105,19.282,8.66,29.01
OH,39001,28.454,3.86,599.91
OH,39003,106.234,6.92,27.47
OH,39005,54.123,5.62,6.22
OH,39007,103.221,2.71,230.13
OH,39009,62.062,7.01,8.51
OH,39011,47.242,8.32,14.55
OH,39013,69.228,9.7,262.49
OH,39015,44.398,3.93,5.42
OH,39017,350.412,86.35,190.37
OH,39019,29.388,2.76,3.22
OH,39021,39.698,8.32,8.92
OH,39023,142.376,22.5,27.85
OH,39025,190.589,20.66,718.78
OH,39027,42.57,2.9,3.47
OH,39029,110.928,6.7,11.24
OH,39031,36.945,16.16,208.59
OH,39033,45.774,1.52,3.61
OH,39035,1335.317,0.04,568.58
OH,39037,52.983,6.23,7.94
OH,39039,39.112,1.64,5.94
OH,39041,150.268,3.44,25.09
OH,39043,78.665,9.25,35.23
OH,39045,138.423,13.94,14.29
OH,39047,28.199,1.18,3.16
OH,39049,1090.771,62.52,205.05
OH,39051,42.955,1.73,4.7
OH,39053,31.362,5.02,1188.8
OH,39055,95.218,7.11,7.62
OH,39057,151.996,14.04,17.65
OH,39059,41.123,2.18,6.68
OH,39061,806.652,47.44,377.29
OH,39063,73.503,8.62,46.85
OH,39065,32.032,3.94,4.34
OH,39067,15.92,0.72,1.64
OH,39069,29.453,1.38,11.9
OH,39071,42.818,2.02,3.37
OH,39073,29.009,2.75,2.96
OH,39075,41.567,4.96,6.16
OH,39077,60.385,1.06,7.97
OH,39079,33.526,1.09,2.32
OH,39081,70.599,10.27,2146.87
OH,39083,58.398,7.41,9.38
OH,39085,232.466,1.45,884.0
OH,39087,63.112,5.24,7.98
OH,39089,154.806,10.44,22.15
OH,39091,46.58,6.16,6.28
OH,39093,296.307,0.8,622.75
OH,39095,448.229,7.24,880.69
OH,39097,41.295,4.16,4.34
OH,39099,254.274,0.97,7.19
OH,39101,65.932,6.55,10.22
OH,39103,167.01,10.94,14.99
OH,39105,23.232,2.29,5.2
OH,39107,41.202,8.25,10.56
OH,39109,101.619,11.84,20.89
OH,39111,14.698,3.52,7.9
OH,39113,547.435,123.83,261.63
OH,39115,14.958,1.8,1.95
OH,39117,34.322,2.95,3.17
OH,39119,85.579,11.4,18.87
OH,39121,14.156,0.28,1.36
OH,39123,41.583,2.58,46.36
OH,39125,19.537,1.48,2.28
OH,39127,35.246,0.9,2.67
OH,39129,52.989,14.16,46.69
OH,39131,28.146,6.98,7.64
OH,39133,155.631,14.02,54.83
OH,39135,42.527,4.45,4.71
OH,39137,34.928,4.19,5.3
OH,39139,127.949,8.92,16.32
OH,39141,75.197,33.51,38.63
OH,39143,61.676,7.72,12.88
OH,39145,76.561,6.61,18.35
OH,39147,57.483,4.92,7.27
OH,39149,48.736,10.69,13.74
OH,39151,380.608,44.37,50.2
OH,39153,546.604,19.88,31.36
OH,39155,219.296,6.94,205.58
OH,39157,91.944,28.79,31.29
OH,39159,45.751,7.24,10.79
OH,39161,29.154,3.17,4.91
OH,39163,13.429,0.8,0.83
OH,39165,196.622,19.6,21.79
OH,39167,62.21,8.2,960.46
OH,39169,113.697,15.15,16.48
OH,39171,38.688,4.85,5.07
OH,39173,123.929,5.66,12.42
OH,39175,22.813,4.61,5.64
OK,40001,21.96,1.02,9.51
OK,40003,5.73,4.07,6.71
OK,40005,14.34,0.55,56.44
OK,40007,5.4,27.2,27.28
OK,40009,18.81,8.39,9.63
OK,40011,12.87,5.3,8.39
OK,40013,37.73,2.71,20.31
OK,40015,30.09,31.9,53.8
OK,40017,98.45,12.29,14.25
OK,40019,47.03,41.78,58.7
OK,40021,44.42,0.78,10.96
OK,40023,15.32,1.2,10.67
OK,40025,2.8,50.89,51.14
OK,40027,224.23,12.72,34.92
OK,40029,5.74,0.43,2.21
OK,40031,110.63,3.38,22.59
OK,40033,6.52,1.16,3.12
OK,40035,15.06,0.59,2.62
OK,40037,68.68,18.19,24.13
OK,40039,25.28,7.4,11.47
OK,40041,39.21,1.82,5.96
OK,40043,4.54,7.12,8.48
OK,40045,3.96,15.62,15.78
OK,40047,56.89,5.56,7.82
OK,40049,27.18,8.07,12.35
OK,40051,49.37,8.79,18.13
OK,40053,4.8,6.27,7.95
OK,40055,5.87,5.13,6.29
OK,40057,3.05,26.03,26.7
OK,40059,3.34,8.43,15.23
OK,40061,12.09,0.69,5.5
OK,40063,13.9,2.76,9.22
OK,40065,26.34,9.81,76.32
OK,40067,6.45,1.49,7.69
OK,40069,10.29,1.97,16.19
OK,40071,46.2,16.72,31.43
OK,40073,14.24,7.46,10.81
OK,40075,9.89,2.89,14.55
OK,40077,10.61,0.38,2.93
OK,40079,49.4,2.37,21.8
OK,40081,32.35,7.31,10.88
OK,40083,36.42,7.36,11.2
OK,40085,9.15,1.54,3.89
OK,40087,30.0,4.39,6.32
OK,40089,33.88,0.88,9.85
OK,40091,19.82,0.42,4.98
OK,40093,7.31,19.71,20.32
OK,40095,14.36,2.51,7.13
OK,40097,39.42,0.25,107.2
OK,40099,12.81,4.19,22.43
OK,40101,70.68,4.05,110.18
OK,40103,11.2,3.19,5.12
OK,40105,10.81,3.8,5.86
OK,40107,11.41,1.96,4.2
OK,40109,684.2,24.35,108.85
OK,40111,39.67,0.9,16.94
OK,40113,45.33,1.54,19.68
OK,40115,32.8,4.05,5.83
OK,40117,16.82,2.18,17.32
OK,40119,73.43,5.32,7.81
OK,40121,44.55,0.37,11.76
OK,40123,35.21,16.6,24.69
OK,40125,68.08,11.6,17.61
OK,40127,11.66,0.28,2.07
OK,40129,3.31,6.37,8.99
OK,40131,80.51,0.81,81.87
OK,40133,24.64,15.09,31.1
OK,40135,40.77,0.92,11.55
OK,40137,42.93,17.52,20.57
OK,40139,20.13,173.53,173.81
OK,40141,8.53,8.27,9.37
OK,40143,570.62,2.85,20.4
OK,40145,64.19,0.44,9.64
OK,40147,49.0,1.43,6.15
OK,40149,11.46,4.82,8.86
OK,40151,8.49,6.66,6.68
OK,40153,19.01,16.54,16.79
OR,41001,16.287,74.68,535.04
OR,41003,78.64,11.81,45.06
OR,41005,368.47,51.6,334.74
OR,41007,36.798,0.34,57.82
OR,41009,48.065,4.38,56.84
OR,41011,64.711,3.61,28.5
OR,41013,22.067,71.38,262.0
OR,41015,22.427,2.51,19.84
OR,41017,141.382,111.42,206.64
OR,41019,104.202,3.85,54.02
OR,41021,1.794,5.25,14.37
OR,41023,7.297,7.34,175.7
OR,41025,6.898,211.85,501.17
OR,41027,21.284,3.35,89.57
OR,41029,195.322,35.72,352.77
OR,41031,20.1,27.33,173.09
OR,41033,80.761,10.66,55.38
OR,41035,66.192,257.72,590.39
OR,41037,7.313,261.9,516.42
OR,41039,335.18,24.79,213.93
OR,41041,45.994,0.23,27.47
OR,41043,108.914,27.05,120.63
OR,41045,31.33,293.31,950.36
OR,41047,305.265,134.58,277.23
OR,41049,11.666,163.95,320.0
OR,41051,672.906,20.88,53.77
OR,41053,70.295,11.82,50.17
OR,41055,1.749,4.06,7.22
OR,41057,25.277,4.8,40.4
OR,41059,73.878,187.87,405.78
OR,41061,24.54,38.22,213.91
OR,41063,7.014,5.15,161.81
OR,41065,23.593,25.0,108.57
OR,41067,499.794,19.8,86.49
OR,41069,1.455,1.05,30.91
OR,41071,92.196,16.64,80.16
PA,42001,99.749,7.59,17.45
PA,42003,1235.841,1.39,740.75
PA,42005,70.586,2.41,180.99
PA,42007,177.377,6.86,483.34
PA,42009,50.091,4.41,61.05
PA,42011,396.314,34.87,61.03
PA,42013,126.795,4.72,18.4
PA,42015,62.537,11.87,12.33
PA,42017,621.342,30.03,113.09
PA,42019,182.087,6.62,17.58
PA,42021,148.073,2.87,18.56
PA,42023,5.639,0.11,0.79
PA,42025,61.959,11.19,47.42
PA,42027,140.561,29.23,101.62
PA,42029,474.027,30.29,253.1
PA,42031,40.589,1.89,4.36
PA,42033,82.783,2.47,353.75
PA,42035,37.439,2.48,32.41
PA,42037,64.939,5.6,8.79
PA,42039,89.442,14.18,17.61
PA,42041,223.089,18.88,114.36
PA,42043,253.995,17.23,100.94
PA,42045,555.648,5.43,929.67
PA,42047,33.577,1.61,22.2
PA,42049,280.446,11.36,55.69
PA,42051,146.142,3.83,42.78
PA,42053,5.739,0.15,0.23
PA,42055,137.409,14.67,22.28
PA,42057,14.673,1.55,1.7
PA,42059,39.808,0.87,21.1
PA,42061,45.947,4.14,13.21
PA,42063,88.703,7.44,50.51
PA,42065,45.759,4.51,6.11
PA,42067,23.507,2.23,2.88
PA,42069,209.525,3.11,32.14
PA,42071,490.562,44.24,102.56
PA,42073,92.809,3.51,161.31
PA,42075,125.578,7.92,124.53
PA,42077,330.433,31.99,40.81
PA,42079,312.861,7.06,113.06
PA,42081,118.395,6.44,14.53
PA,42083,44.37,6.75,7.48
PA,42085,119.598,4.19,32.2
PA,42087,46.235,1.98,11.74
PA,42089,163.234,11.2,64.59
PA,42091,775.883,43.55,122.56
PA,42093,18.032,0.83,26.73
PA,42095,287.767,12.91,399.15
PA,42097,92.61,2.28,25.82
PA,42099,44.728,3.8,4.1
PA,42101,1463.281,0.22,395.67
PA,42103,56.337,3.6,26.9
PA,42105,17.834,2.04,20.07
PA,42107,147.447,27.46,58.04
PA,42109,38.207,4.05,218.1
PA,42111,78.907,5.89,33.75
PA,42113,6.391,0.57,0.6
PA,42115,42.124,3.09,4.19
PA,42117,41.649,4.73,6.31
PA,42119,43.131,2.72,6.18
PA,42121,55.928,2.02,8.46
PA,42123,42.033,12.09,14.53
PA,42125,206.406,2.83,806.64
PA,42127,50.113,3.87,13.08
PA,42129,367.635,4.0,39.8
PA,42131,28.16,2.07,11.47
PA,42133,408.801,12.96,2596.52
RI,44001,52.743,0.57,0.72
RI,44003,171.59,2.68,3.03
RI,44005,83.74,1.84,8.22
RI,44007,639.653,6.15,369.61
RI,44009,128.463,18.11,23.59
SC,45001,26.133,2.0,4.76
SC,45003,150.181,18.44,209.45
SC,45005,10.917,11.14,11.57
SC,45007,175.514,5.31,163.59
SC,45009,15.88,4.17,5.52
SC,45011,23.345,3.66,4.05
SC,45013,137.849,22.41,30.86
SC,45015,151.673,6.31,589.32
SC,45017,15.1,3.26,75.83
SC,45019,330.368,13.68,114.71
SC,45021,53.844,3.16,11.7
SC,45023,33.228,1.9,5.75
SC,45025,43.435,5.64,8.78
SC,45027,33.363,4.42,4.67
SC,45029,39.605,6.54,11.23
SC,45031,67.346,12.71,792.09
SC,45033,30.974,5.54,5.54
SC,45035,112.858,9.57,9.77
SC,45037,25.528,0.52,6.01
SC,45039,24.047,1.44,1539.24
SC,45041,131.097,22.43,43.57
SC,45043,60.983,11.57,68.41
SC,45045,407.383,3.49,70.28
SC,45047,67.979,1.72,14.56
SC,45049,21.329,7.67,7.72
SC,45051,226.992,17.03,171.16
SC,45053,21.398,22.83,22.83
SC,45055,56.486,5.53,11.66
SC,45057,63.113,0.24,28.61
SC,45059,70.293,4.59,9.67
SC,45061,20.638,3.6,3.62
SC,45063,235.272,24.9,220.91
SC,45065,10.108,1.27,1.94
SC,45067,34.904,4.63,4.69
SC,45069,28.021,3.63,25.18
SC,45071,37.25,2.64,8.94
SC,45073,69.577,2.03,2607.02
SC,45075,92.167,19.46,30.83
SC,45077,113.575,7.18,26.28
SC,45079,340.078,18.31,543.39
SC,45081,18.895,1.89,3.58
SC,45083,266.809,4.96,100.67
SC,45085,105.517,23.04,24.93
SC,45087,28.539,1.51,6.47
SC,45089,35.395,6.14,6.15
SC,45091,190.097,13.89,177.65
SD,46003,2.901,0.37,0.82
SD,46005,15.896,10.69,12.04
SD,46007,3.585,9.49,9.78
SD,46009,7.087,2.79,6.36
SD,46011,28.121,13.65,15.05
SD,46013,34.706,3.53,7.89
SD,46015,5.187,0.41,2.73
SD,46017,2.1,0.42,5.31
SD,46019,9.326,5.27,51.3
SD,46021,1.565,2.28,2.52
SD,46023,9.194,3.49,14.19
SD,46025,3.799,5.55,6.26
SD,46027,12.995,6.68,6.97
SD,46029,26.01,7.22,8.52
SD,46031,4.366,0.7,1.55
SD,46033,7.904,1.03,7.81
SD,46035,18.777,0.9,1.58
SD,46037,5.757,3.0,3.99
SD,46039,4.296,1.31,1.77
SD,46041,6.161,0.47,1.18
SD,46043,3.309,2.64,3.18
SD,46045,4.112,0.72,1.33
SD,46047,7.355,1.89,26.54
SD,46049,2.386,0.32,0.81
SD,46051,7.384,4.04,8.98
SD,46053,4.29,0.93,2.47
SD,46055,1.912,0.5,1.92
SD,46057,5.707,5.88,6.19
SD,46059,3.307,1.45,2.2
SD,46061,3.747,0.56,1.43
SD,46063,1.218,0.42,1.69
SD,46065,16.875,4.06,25.3
SD,46067,7.581,1.61,2.8
SD,46069,1.614,0.49,0.79
SD,46071,2.858,0.61,3.16
SD,46073,2.136,1.51,2.11
SD,46075,1.033,0.17,0.75
SD,46077,5.532,3.31,4.5
SD,46079,11.039,1.31,1.77
SD,46081,22.395,5.87,12.87
SD,46083,33.381,3.76,4.29
SD,46085,3.919,0.35,2.47
SD,46087,5.93,1.04,1.52
SD,46089,2.617,1.84,3.16
SD,46091,4.418,1.38,2.29
SD,46093,24.623,3.23,9.34
SD,46095,2.088,0.5,2.49
SD,46097,2.584,0.3,0.68
SD,46099,160.087,24.45,32.17
SD,46101,6.637,2.28,3.1
SD,46103,93.58,25.84,35.33
SD,46105,3.023,0.62,1.48
SD,46107,2.351,1.16,1.43
SD,46109,10.044,2.96,3.23
SD,46111,2.541,0.35,0.76
SD,46113,13.657,1.14,1.42
SD,46115,6.899,19.24,21.89
SD,46117,2.829,0.63,0.92
SD,46119,1.43,1.57,10.01
SD,46121,9.882,10.55,11.44
SD,46123,6.065,3.32,6.06
SD,46125,8.52,19.99,20.74
SD,46127,13.462,18.09,18.62
SD,46129,5.494,0.9,7.26
SD,46135,21.718,7.35,19.36
SD,46137,2.631,0.21,0.48
TN,47001,72.43,0.74,570.24
TN,47003,42.204,1.67,26.3
TN,47005,16.467,0.8,2.51
TN,47007,12.928,1.43,1.87
TN,47009,115.535,10.23,14.64
TN,47011,92.092,3.47,18.15
TN,47013,40.686,1.19,4.64
TN,47015,13.337,0.74,1.84
TN,47017,29.121,5.19,5.44
TN,47019,58.865,11.15,21.74
TN,47021,38.603,0.3,3.38
TN,47023,15.941,1.96,2.02
TN,47025,31.033,1.16,4.36
TN,47027,7.992,6.85,13.66
TN,47029,34.929,1.25,5.37
TN,47031,50.869,2.74,32.13
TN,47033,14.595,2.66,3.53
TN,47035,51.346,0.67,6.48
TN,47037,575.261,0.38,160.66
TN,47039,11.686,0.38,2.21
TN,47041,18.254,1.65,2.24
TN,47043,45.894,0.51,5.73
TN,47045,37.829,10.92,15.76
TN,47047,34.458,5.17,5.57
TN,47049,17.159,0.3,2.17
TN,47051,41.003,3.02,7.28
TN,47053,48.148,9.3,10.35
TN,47055,29.297,1.44,4.7
TN,47057,22.283,2.78,4.55
TN,47059,65.318,0.88,12.48
TN,47061,14.608,0.37,2.25
TN,47063,59.898,0.81,9.89
TN,47065,310.935,14.49,1648.59
TN,47067,6.704,0.47,0.75
TN,47069,28.17,3.74,3.85
TN,47071,25.93,2.99,27.66
TN,47073,56.196,3.49,700.68
TN,47075,19.656,3.09,3.9
TN,47077,26.425,0.86,3.78
TN,47079,31.511,4.85,5.75
TN,47081,23.793,0.42,3.24
TN,47083,7.988,0.35,1.33
TN,47085,18.212,2.1,1292.67
TN,47087,11.072,0.41,1.0
TN,47089,48.394,6.39,6.85
TN,47091,18.116,1.27,2.76
TN,47093,404.972,2.66,68.6
TN,47095,7.583,3.36,5.22
TN,47097,26.795,5.58,6.62
TN,47099,41.101,3.35,7.52
TN,47101,11.435,1.76,1.81
TN,47103,32.392,3.95,7.93
TN,47105,43.387,1.06,16.94
TN,47107,51.327,4.11,71.52
TN,47109,25.285,4.01,4.29
TN,47111,21.549,1.96,3.22
TN,47113,94.916,18.82,20.02
TN,47115,27.757,1.88,5.26
TN,47117,28.372,0.88,4.01
TN,47119,76.292,1.76,14.29
TN,47121,11.657,1.31,1.46
TN,47123,43.185,2.06,9.57
TN,47125,147.202,5.8,24.26
TN,47127,6.024,0.69,1.69
TN,47129,20.157,0.85,2.2
TN,47131,32.213,10.85,12.84
TN,47133,20.523,0.24,3.25
TN,47135,7.574,0.25,1.47
TN,47137,4.821,0.13,0.89
TN,47139,15.944,2.07,5.98
TN,47141,66.58,0.45,14.67
TN,47143,29.918,1.28,192.84
TN,47145,52.889,1.44,1291.64
TN,47147,60.379,1.78,8.03
TN,47149,218.292,3.0,35.15
TN,47151,21.868,0.1,2.87
TN,47153,12.691,0.42,1.28
TN,47155,79.282,3.04,12.25
TN,47157,909.035,219.08,626.52
TN,47159,18.647,0.59,2.47
TN,47161,12.969,7.14,2082.88
TN,47163,152.716,1.26,534.43
TN,47165,145.009,0.22,966.47
TN,47167,55.998,4.6,5.5
TN,47169,7.677,0.14,1.19
TN,47171,17.572,6.06,6.23
TN,47173,19.076,1.54,1.97
TN,47175,5.47,0.21,1.05
TN,47177,39.753,1.88,7.81
TN,47179,112.507,5.97,22.41
TN,47181,16.909,1.57,2.24
TN,47183,33.732,5.45,5.48
TN,47185,24.253,0.42,4.07
TN,47187,153.595,1.83,5.55
TN,47189,100.508,2.79,15.47
TX,48001,56.408,11.71,16.03
TX,48003,12.748,53.35,53.35
TX,48005,81.557,21.49,22.8
TX,48007,24.64,0.85,3.5
TX,48009,9.095,3.72,56.75
TX,48011,2.173,7.57,7.65
TX,48013,43.226,35.45,35.76
TX,48015,26.123,12.03,12.93
TX,48017,6.726,147.14,147.18
TX,48019,19.988,3.02,3.17
TX,48021,69.932,14.96,250.91
TX,48023,3.843,2.13,6.6
TX,48025,32.873,7.36,10.06
TX,48027,256.057,4.22,105.74
TX,48029,1518.37,239.23,784.79
TX,48031,9.11,1.29,2.17
TX,48033,0.648,8.02,8.18
TX,48035,18.053,5.44,7.9
TX,48037,90.643,3.68,121.54
TX,48039,278.484,34.64,970.08
TX,48041,156.305,38.14,39.83
TX,48043,9.079,2.52,8.61
TX,48045,1.644,28.74,29.46
TX,48047,7.687,2.68,2.9
TX,48049,38.664,2.45,14.81
TX,48051,17.238,22.67,29.03
TX,48053,41.676,3.75,10.76
TX,48055,36.523,16.74,18.55
TX,48057,20.606,1.94,41.16
TX,48059,13.516,1.48,2.57
TX,48061,378.311,0.24,210.13
TX,48063,12.238,3.25,4.05
TX,48065,6.586,53.98,53.99
TX,48067,30.155,2.6,3.12
TX,48069,7.64,360.52,360.61
TX,48071,28.411,6.56,533.27
TX,48073,48.464,9.35,209.43
TX,48075,7.676,9.91,10.12
TX,48077,11.287,3.11,16.8
TX,48079,3.289,126.43,126.43
TX,48081,3.612,2.82,60.34
TX,48083,8.665,0.73,47.96
TX,48085,659.457,3.73,593.77
TX,48087,2.968,51.71,51.83
TX,48089,20.736,21.99,125.82
TX,48091,96.018,12.53,30.39
TX,48093,13.709,17.76,27.95
TX,48095,3.735,2.93,4.25
TX,48097,38.847,7.99,9.78
TX,48099,75.802,1.08,8.79
TX,48101,1.746,4.59,4.72
TX,48103,3.837,21.23,21.23
TX,48105,3.934,9.45,9.48
TX,48107,6.686,123.96,126.1
TX,48109,2.627,18.81,18.82
TX,48111,6.174,367.65,368.12
TX,48113,2305.454,2.5,979.36
TX,48115,14.256,106.29,108.18
TX,48117,18.538,217.92,218.08
TX,48119,5.48,0.58,1.85
TX,48121,554.642,8.84,87.09
TX,48123,20.507,4.0,4.68
TX,48125,2.646,8.98,9.41
TX,48127,10.395,4.9,6.29
TX,48129,3.889,27.37,34.19
TX,48131,12.578,14.0,14.07
TX,48133,18.393,9.43,12.99
TX,48135,125.339,63.82,64.0
TX,48137,1.987,0.92,1.02
TX,48139,133.474,7.19,23.53
TX,48141,721.598,97.62,267.28
TX,48143,34.076,15.11,17.07
TX,48145,17.646,4.17,15.75
TX,48147,33.142,5.68,9.31
TX,48149,22.537,5.25,767.35
TX,48151,4.089,5.83,6.12
TX,48153,7.174,156.72,156.79
TX,48155,1.518,4.44,4.72
TX,48157,463.65,71.54,1396.81
TX,48159,10.2,2.86,5.96
TX,48161,18.8,5.46,513.07
TX,48163,16.387,78.51,84.83
TX,48165,14.712,23.58,23.85
TX,48167,277.563,6.13,129.65
TX,48169,5.002,18.03,18.18
TX,48171,23.088,4.25,4.53
TX,48173,1.327,43.12,43.14
TX,48175,7.102,3.79,9.0
TX,48177,19.587,9.52,12.86
TX,48179,21.479,39.35,39.38
TX,48181,116.834,16.67,23.63
TX,48183,115.649,19.79,257.48
TX,48185,25.192,6.19,33.51
TX,48187,103.032,23.32,34.27
TX,48189,36.233,324.02,325.29
TX,48191,3.7,25.5,25.55
TX,48193,8.105,1.82,2.66
TX,48195,5.23,210.87,211.44
TX,48197,4.291,5.53,5.76
TX,48199,50.976,19.62,19.87
TX,48201,3693.05,246.96,764.33
TX,48203,63.459,3.34,39.8
TX,48205,5.45,364.91,365.41
TX,48207,5.541,33.17,35.33
TX,48209,124.432,14.77,15.89
TX,48211,3.422,3.86,3.94
TX,48213,80.017,9.44,117.04
TX,48215,678.275,16.74,394.41
TX,48217,35.424,5.49,11.68
TX,48219,22.787,175.63,175.63
TX,48221,47.93,8.75,66.66
TX,48223,33.381,7.26,13.9
TX,48225,23.218,3.91,8.3
TX,48227,32.522,22.51,23.49
TX,48229,3.295,137.65,149.47
TX,48231,82.543,5.6,123.15
TX,48233,22.484,54.01,110.21
TX,48235,1.756,1.49,2.84
TX,48237,9.064,1.41,2.77
TX,48239,14.339,49.5,69.59
TX,48241,35.587,38.07,51.2
TX,48243,2.306,3.92,3.94
TX,48245,247.571,3.66,263.35
TX,48247,5.029,1.94,1.99
TX,48249,40.951,6.37,8.84
TX,48251,146.376,9.36,18.66
TX,48253,19.736,2.3,4.49
TX,48255,15.351,4.11,4.71
TX,48257,89.129,0.24,6.97
TX,48259,28.607,3.5,4.24
TX,48261,0.417,0.94,0.97
TX,48263,0.782,15.83,15.88
TX,48265,46.496,5.73,10.08
TX,48267,4.591,0.54,3.17
TX,48269,0.307,3.07,3.18
TX,48271,3.327,5.2,5.25
TX,48273,30.757,12.7,15.98
TX,48275,3.781,36.56,37.33
TX,48277,49.644,4.17,25.88
TX,48279,14.467,351.84,351.87
TX,48281,19.669,0.26,1.19
TX,48283,6.016,5.54,5.71
TX,48285,18.925,9.59,10.63
TX,48287,16.526,4.39,5.39
TX,48289,16.344,4.6,7.65
TX,48291,75.141,15.67,379.85
TX,48293,22.763,5.63,23.75
TX,48295,3.101,22.87,22.95
TX,48297,11.717,4.61,12.12
TX,48299,18.236,2.84,165.4
TX,48301,0.062,1.47,1.47
TX,48303,252.284,198.86,204.0
TX,48305,6.237,79.12,83.04
TX,48307,7.956,6.09,6.64
TX,48309,224.668,17.59,198.37
TX,48311,0.883,1.67,2.01
TX,48313,13.167,12.84,13.62
TX,48315,10.952,1.79,16.42
TX,48317,4.391,17.94,17.97
TX,48319,3.88,9.85,10.17
TX,48321,37.849,40.0,223.01
TX,48323,51.181,3.82,52.03
TX,48325,43.027,40.3,55.06
TX,48327,2.201,0.8,1.86
TX,48329,121.371,9.48,31.08
TX,48331,25.354,39.85,55.57
TX,48333,5.237,0.86,2.71
TX,48335,9.413,11.72,11.92
TX,48337,19.677,5.43,8.29
TX,48339,378.033,58.0,67.9
TX,48341,20.348,276.14,276.18
TX,48343,12.936,0.71,50.91
TX,48345,1.299,9.6,9.68
TX,48347,60.468,23.54,24.61
TX,48349,48.687,2.56,7.86
TX,48351,14.309,3.43,3.92
TX,48353,14.878,6.11,6.97
TX,48355,319.704,5.01,349.45
TX,48357,9.385,69.69,69.82
TX,48359,2.118,6.03,6.24
TX,48361,84.983,10.13,1181.8
TX,48363,27.478,1.86,118.11
TX,48365,22.997,9.35,12.59
TX,48367,102.801,4.84,10.88
TX,48369,9.754,424.69,424.71
TX,48371,15.859,59.89,60.09
TX,48373,46.64,12.52,18.91
TX,48375,119.852,0.77,14.59
TX,48377,7.722,5.46,8.03
TX,48379,11.305,0.99,3.24
TX,48381,110.053,52.13,53.68
TX,48383,2.995,16.61,16.62
TX,48385,3.031,0.64,0.75
TX,48387,13.575,2.3,8.63
TX,48389,11.638,37.36,83.81
TX,48391,7.639,11.51,11.57
TX,48393,0.82,13.56,13.62
TX,48395,16.192,25.61,35.03
TX,48397,62.944,,1.85
TX,48399,10.974,2.93,5.3
TX,48401,47.971,15.62,2248.05
TX,48403,10.416,2.01,3.48
TX,48405,8.907,1.8,3.15
TX,48407,24.801,3.94,5.35
TX,48409,69.209,15.5,35.76
TX,48411,6.076,7.37,11.52
TX,48413,2.742,1.85,1.87
TX,48415,16.217,24.36,34.35
TX,48417,3.167,1.29,1.99
TX,48419,26.346,6.68,12.16
TX,48421,3.002,352.01,352.1
TX,48423,190.594,21.56,45.46
TX,48425,7.578,1.31,63.15
TX,48427,60.941,5.15,17.19
TX,48429,9.561,15.52,30.16
TX,48431,1.303,1.79,1.81
TX,48433,1.372,3.15,3.34
TX,48435,4.212,2.06,2.07
TX,48437,7.828,154.08,154.1
TX,48439,1620.479,14.22,522.34
TX,48441,125.039,1.84,24.99
TX,48443,0.996,0.38,1.05
TX,48445,12.419,107.78,108.49
TX,48447,1.618,1.42,2.24
TX,48449,29.445,5.09,1427.73
TX,48451,103.611,26.96,42.04
TX,48453,888.185,12.26,563.11
TX,48455,14.363,1.68,3.51
TX,48457,20.617,5.12,5.28
TX,48459,37.881,19.83,21.49
TX,48461,3.056,16.82,16.82
TX,48463,26.955,64.38,64.98
TX,48465,47.596,15.01,17.36
TX,48467,52.491,11.27,15.54
TX,48469,85.648,9.02,27.1
TX,48471,62.735,5.04,7.49
TX,48473,34.821,26.39,27.29
TX,48475,10.237,21.7,24.29
TX,48477,31.521,4.02,8.05
TX,48479,224.695,14.09,88.77
TX,48481,41.554,103.33,291.69
TX,48483,4.799,11.78,11.91
TX,48485,125.894,10.75,42.19
TX,48487,13.896,31.29,32.08
TX,48489,20.382,1.66,35.02
TX,48491,333.457,21.68,54.1
TX,48493,37.529,20.57,21.59
TX,48495,6.69,14.96,15.07
TX,48497,56.696,7.09,12.78
TX,48499,40.855,17.53,20.6
TX,48501,7.408,131.21,131.22
TX,48503,18.0,2.38,161.93
TX,48505,13.373,2.16,5.63
TX,48507,11.796,49.24,53.16
UT,49001,6.341,44.27,91.38
UT,49003,45.304,52.97,435.86
UT,49005,103.564,63.13,280.43
UT,49007,19.338,5.47,54.36
UT,49009,0.963,0.31,34.73
UT,49011,278.278,22.84,123.88
UT,49013,15.237,4.47,334.51
UT,49015,10.491,1.09,224.73
UT,49017,4.703,4.8,87.7
UT,49019,8.826,3.38,22.51
UT,49021,41.397,111.37,275.19
UT,49023,8.974,19.77,73.95
UT,49025,6.211,4.1,31.73
UT,49027,13.171,100.56,425.47
UT,49029,8.516,2.05,40.16
UT,49031,1.368,3.7,59.17
UT,49033,2.062,2.97,184.64
UT,49035,978.285,106.23,344.41
UT,49037,14.571,7.8,29.3
UT,49039,25.454,15.54,272.95
UT,49041,19.649,22.01,189.93
UT,49043,36.283,13.89,94.79
UT,49045,52.133,58.91,212.49
UT,49047,26.883,44.41,287.76
UT,49049,456.073,142.66,402.25
UT,49051,19.999,9.22,60.58
UT,49053,127.127,36.13,98.9
UT,49055,2.504,22.48,68.05
UT,49057,213.684,28.62,273.37
VT,50001,36.97,4.4,13.57
VT,50003,37.0,3.81,6.67
VT,50005,30.44,2.51,4.94
VT,50007,149.61,2.27,19.04
VT,50009,6.6,0.37,2.32
VT,50011,47.91,4.04,8.04
VT,50013,7.7,0.19,5.14
VT,50015,24.5,2.16,2.88
VT,50017,29.29,2.96,4.54
VT,50019,27.64,3.44,4.46
VT,50021,63.74,5.96,10.75
VT,50023,59.48,2.99,7.22
VT,50025,44.14,1.61,426.81
VT,50027,58.028,5.59,6.15
VA,51001,39.424,9.44,11.55
VA,51003,90.717,3.72,15.46
VA,51005,16.715,1.92,47.22
VA,51007,12.273,0.9,1.44
VA,51009,32.134,1.1,19.13
VA,51011,13.967,2.06,2.34
VA,51013,195.965,0.03,0.14
VA,51015,69.725,10.77,44.13
VA,51017,4.937,1.51,259.23
VA,51019,65.286,4.85,18.46
VA,51021,6.943,0.6,0.98
VA,51023,32.027,2.46,19.03
VA,51025,17.92,0.96,27.64
VA,51027,24.755,0.63,7.97
VA,51029,16.058,0.95,2.47
VA,51031,52.339,2.49,10.65
VA,51033,25.563,2.15,5.63
VA,51035,29.438,2.13,3.08
VA,51036,7.119,0.55,1.08
VA,51037,12.404,0.82,1.67
VA,51041,288.876,2.68,1016.63
VA,51043,14.205,0.98,1.79
VA,51045,5.154,0.52,0.52
VA,51047,42.53,1.88,4.72
VA,51049,9.378,0.78,2.11
VA,51051,16.243,0.7,5.53
VA,51053,25.391,1.62,2.0
VA,51057,10.492,0.99,1.06
VA,51059,1006.529,4.3,313.79
VA,51061,64.997,4.35,26.44
VA,51063,14.649,1.17,1.85
VA,51065,24.751,1.9,223.52
VA,51067,50.345,2.96,5.18
VA,51069,69.123,2.88,7.3
VA,51071,17.098,12.55,333.61
VA,51073,37.787,2.85,3.57
VA,51075,19.36,0.84,2.76
VA,51077,16.366,1.61,2.19
VA,51079,17.418,0.69,0.84
VA,51081,11.088,0.61,4.55
VA,51083,36.284,1.93,15.61
VA,51085,97.426,7.44,155.27
VA,51087,280.581,4.75,45.65
VA,51089,56.501,6.05,13.56
VA,51091,2.475,6.83,15.5
VA,51093,33.417,37.03,97.74
VA,51095,57.525,6.13,13.05
VA,51097,6.796,0.51,0.75
VA,51099,20.637,1.93,5.89
VA,51101,14.732,18.83,65.56
VA,51103,11.593,1.06,1.06
VA,51105,23.686,1.99,3.78
VA,51107,255.518,4.43,10.65
VA,51109,30.02,2.06,2281.42
VA,51111,13.194,0.77,1.99
VA,51113,13.398,0.99,3.17
VA,51115,9.194,0.68,0.68
VA,51117,32.529,1.62,61.11
VA,51119,10.493,0.84,1.01
VA,51121,84.303,1.55,35.29
VA,51125,15.101,3.18,4.79
VA,51127,16.107,2.26,31.3
VA,51131,13.548,3.58,4.74
VA,51133,12.874,1.24,3.72
VA,51135,15.56,0.86,1.66
VA,51137,30.246,1.19,3.3
VA,51139,23.831,3.01,3.68
VA,51141,19.209,1.66,2.64
VA,51143,61.854,3.98,60.09
VA,51145,26.598,1.76,2.9
VA,51147,20.455,1.17,1.45
VA,51149,36.725,1.58,58.14
VA,51153,348.588,6.15,254.9
VA,51155,35.081,0.73,6.75
VA,51157,7.271,0.81,1.0
VA,51159,9.114,0.81,1.12
VA,51161,88.172,3.61,20.11
VA,51163,21.242,3.35,37.09
VA,51165,71.251,19.08,44.2
VA,51167,28.949,2.3,22.04
VA,51169,22.962,1.05,2.47
VA,51171,39.184,5.06,18.78
VA,51173,32.64,6.65,25.81
VA,51175,17.585,7.3,39.94
VA,51177,116.549,4.35,9.61
VA,51179,117.874,1.79,20.23
VA,51181,7.013,1.21,2062.88
VA,51183,12.071,1.75,2.2
VA,51185,44.795,1.1,8.41
VA,51187,35.556,1.96,11.2
VA,51191,52.085,2.14,82.5
VA,51193,17.227,1.37,1.78
VA,51195,41.997,0.77,7.43
VA,51197,28.421,2.92,12.51
VA,51199,61.758,0.81,1011.02
VA,51510,135.337,0.02,249.89
VA,51515,6.211,,
VA,51520,17.335,,0.05
VA,51530,6.437,1.22,1.4
VA,51540,40.437,,
VA,51550,218.968,7.36,553.25
VA,51570,17.567,,
VA,51580,6.205,,39.84
VA,51590,46.143,,3.74
VA,51595,5.587,,1.03
VA,51600,21.963,0.08,0.08
VA,51610,10.781,,
VA,51620,8.594,1.16,1.16
VA,51630,20.732,,
VA,51640,6.676,,1.74
VA,51650,145.579,0.26,0.26
VA,51660,40.438,,0.1
VA,51670,22.69,,186.12
VA,51678,6.776,,
VA,51680,66.973,,0.12
VA,51683,37.569,0.13,0.13
VA,51685,11.622,0.41,0.41
VA,51690,14.925,,
VA,51700,179.899,2.7,38.03
VA,51710,231.954,0.23,2.36
VA,51720,3.677,,0.89
VA,51730,32.604,,
VA,51735,11.811,,
VA,51740,100.169,2.1,19.17
VA,51750,14.575,,2.27
VA,51760,193.777,0.03,224.98
VA,51770,92.631,4.76,5.6
VA,51775,24.654,0.2,3.9
VA,51790,23.337,0.03,0.13
VA,51800,78.994,9.71,98.68
VA,51810,438.415,3.11,4.11
VA,51820,21.269,7.02,7.1
VA,51830,11.751,1.58,1.69
VA,51840,25.119,0.15,0.15
WA,53001,16.803,133.37,158.29
WA,53003,21.178,4.09,5.19
WA,53005,157.95,66.19,842.58
WA,53007,69.791,17.6,91.12
WA,53009,69.689,11.21,20.22
WA,53011,403.766,120.28,165.47
WA,53013,4.129,1.06,4.66
WA,53015,97.325,5.48,147.78
WA,53017,34.977,11.59,38.95
WA,53019,7.542,2.22,5.99
WA,53021,63.011,75.73,551.93
WA,53023,2.344,0.54,1.22
WA,53025,81.229,183.66,1161.24
WA,53027,70.9,9.48,67.72
WA,53029,79.252,6.82,9.53
WA,53031,28.666,3.65,22.64
WA,53033,1793.583,80.33,227.88
WA,53035,240.661,22.5,28.02
WA,53037,36.841,15.21,280.79
WA,53039,19.839,24.17,40.56
WA,53041,72.449,16.58,47.14
WA,53043,10.381,27.11,36.82
WA,53045,54.359,10.77,19.5
WA,53047,39.782,31.12,92.61
WA,53049,21.579,2.43,7.57
WA,53051,12.673,2.97,4.31
WA,53053,753.787,85.22,198.49
WA,53055,15.274,1.23,1.94
WA,53057,113.171,15.16,44.15
WA,53059,10.664,1.09,9.65
WA,53061,655.944,21.08,127.65
WA,53063,440.706,163.07,191.65
WA,53065,42.013,10.71,29.6
WA,53067,228.867,40.7,46.23
WA,53069,3.849,0.65,1.28
WA,53071,57.558,26.23,156.37
WA,53073,183.471,34.77,81.26
WA,53075,40.17,7.99,10.81
WA,53077,231.586,118.01,658.32
WV,54001,15.689,0.36,1.85
WV,54003,93.394,11.53,19.67
WV,54005,25.703,1.45,5.13
WV,54007,14.851,1.03,8.61
WV,54009,24.515,7.06,81.25
WV,54011,94.031,3.5,58.78
WV,54013,7.387,0.35,0.77
WV,54015,10.356,0.71,1.52
WV,54017,7.476,0.45,0.78
WV,54019,46.823,1.4,40.28
WV,54021,6.95,0.4,1.5
WV,54023,11.673,0.58,1165.86
WV,54025,35.027,3.14,9.33
WV,54027,22.025,1.26,3.54
WV,54029,31.35,3.7,185.3
WV,54031,13.287,1.3,23.43
WV,54033,68.369,0.67,56.44
WV,54035,28.403,3.6,31.78
WV,54037,49.206,5.87,16.35
WV,54039,193.559,2.88,502.19
WV,54041,17.199,0.52,4.11
WV,54043,22.374,0.94,1.81
WV,54045,36.237,1.63,6.56
WV,54047,24.273,4.31,5.57
WV,54049,56.509,1.07,46.34
WV,54051,34.337,9.05,723.2
WV,54053,25.761,4.27,1094.03
WV,54055,61.589,2.36,12.39
WV,54057,27.028,0.77,4.44
WV,54059,27.21,1.74,6.97
WV,54061,84.386,4.6,168.75
WV,54063,13.507,0.94,5.03
WV,54065,16.022,2.33,4.77
WV,54067,26.464,1.0,5.09
WV,54069,45.112,2.33,18.42
WV,54071,7.844,1.13,11.8
WV,54073,7.376,7.28,100.65
WV,54075,8.851,0.61,6.09
WV,54077,30.115,1.95,111.16
WV,54079,54.443,0.99,56.95
WV,54081,79.167,1.85,15.44
WV,54083,28.571,8.81,18.36
WV,54085,10.54,0.57,2.58
WV,54087,15.407,0.71,2.29
WV,54089,13.74,0.55,3.79
WV,54091,16.291,0.81,11.08
WV,54093,6.943,0.45,17.59
WV,54095,9.34,6.71,20.06
WV,54097,23.712,0.84,6.53
WV,54099,42.091,1.22,19.99
WV,54101,9.804,0.51,1.64
WV,54103,17.117,3.7,25.62
WV,54105,5.896,0.28,0.77
WV,54107,87.047,11.02,51.63
WV,54109,24.479,2.28,5.92
WI,55001,20.828,45.74,45.82
WI,55003,16.627,0.82,55.15
WI,55005,45.834,19.08,19.58
WI,55007,15.145,5.95,13.81
WI,55009,238.987,20.64,519.67
WI,55011,13.968,5.47,538.23
WI,55013,16.528,2.03,2.54
WI,55015,44.137,5.33,7.33
WI,55017,59.95,11.63,15.95
WI,55019,34.098,5.52,6.52
WI,55021,55.364,9.92,28.26
WI,55023,17.134,3.29,3.68
WI,55025,458.106,68.73,298.07
WI,55027,88.103,12.87,15.57
WI,55029,28.349,4.73,6.73
WI,55031,44.208,1.48,9.19
WI,55033,41.708,31.4,31.85
WI,55035,94.089,15.49,18.85
WI,55037,4.974,0.34,0.36
WI,55039,99.337,13.08,13.48
WI,55041,9.961,1.11,1.8
WI,55043,49.671,7.76,264.37
WI,55045,35.165,10.71,11.0
WI,55047,19.168,8.61,9.44
WI,55049,23.569,10.13,10.5
WI,55051,6.649,0.56,1.01
WI,55053,19.758,7.27,7.47
WI,55055,79.328,27.92,30.8
WI,55057,26.725,11.84,12.43
WI,55059,160.544,3.94,30.6
WI,55061,20.84,4.85,828.7
WI,55063,108.958,26.63,69.9
WI,55065,16.31,3.33,3.69
WI,55067,20.735,20.6,34.81
WI,55069,30.319,2.9,12.51
WI,55071,81.949,7.78,2142.73
WI,55073,128.941,24.11,232.91
WI,55075,43.406,7.82,48.46
WI,55077,15.237,9.9,10.37
WI,55078,4.58,0.79,1.15
WI,55079,921.654,5.11,1224.2
WI,55081,42.644,9.76,10.25
WI,55083,37.666,4.97,8.43
WI,55085,36.994,8.05,33.64
WI,55087,171.006,13.31,100.74
WI,55089,86.072,8.75,301.74
WI,55091,7.38,1.66,3.04
WI,55093,39.102,4.62,4.87
WI,55095,44.329,11.02,11.55
WI,55097,67.585,116.93,139.14
WI,55099,15.22,3.12,13.03
WI,55101,195.708,14.4,42.33
WI,55103,18.403,4.38,5.47
WI,55105,157.538,45.4,95.96
WI,55107,15.198,2.03,3.93
WI,55109,77.144,13.94,17.67
WI,55111,57.746,25.08,25.69
WI,55113,16.975,2.29,2.75
WI,55115,41.335,5.2,8.5
WI,55117,114.61,10.77,402.28
WI,55119,19.766,2.55,3.25
WI,55121,27.812,10.92,11.27
WI,55123,29.055,4.9,215.17
WI,55125,22.33,2.84,8.31
WI,55127,99.844,15.64,17.41
WI,55129,16.601,3.43,4.59
WI,55131,126.158,13.63,13.82
WI,55133,378.971,34.51,36.37
WI,55135,52.563,17.6,19.33
WI,55137,24.789,51.69,52.0
WI,55139,159.482,10.06,76.57
WI,55141,75.234,14.58,268.8
WY,56001,30.89,4.62,275.1
WY,56003,11.333,23.0,385.37
WY,56005,37.405,60.7,109.11
WY,56007,15.331,7.96,366.9
WY,56009,12.766,10.09,305.47
WY,56011,6.182,12.69,42.64
WY,56013,36.491,9.72,413.64
WY,56015,12.243,78.18,312.28
WY,56017,4.537,15.61,90.68
WY,56019,7.721,2.94,121.41
WY,56021,85.163,186.79,272.52
WY,56023,15.999,9.42,201.85
WY,56025,69.799,32.88,119.53
WY,56027,2.286,76.37,84.45
WY,56029,26.664,43.53,340.46
WY,56031,8.619,38.18,229.4
WY,56033,27.389,0.78,198.82
WY,56035,6.926,19.81,170.61
WY,56037,37.975,45.07,156.83
WY,56039,19.032,5.73,67.51
WY,56041,19.939,12.51,114.13
WY,56043,7.933,6.86,181.27
WY,56045,6.671,4.38,31.94
PR,72001,18.566,0.29,2.52
PR,72003,44.653,0.7,3.7
PR,72005,66.536,0.42,3.0
PR,72007,30.705,0.79,18.44
PR,72009,26.942,1.69,5.03
PR,72011,29.644,0.58,1.18
PR,72013,101.92,13.93,105.84
PR,72015,18.96,1.88,1.88
PR,72017,22.83,8.07,8.07
PR,72019,29.971,2.14,3.54
PR,72021,222.195,0.65,7.45
PR,72023,51.238,5.39,5.56
PR,72025,142.378,0.8,11.21
PR,72027,38.18,1.62,4.0
PR,72029,46.108,0.03,10.31
PR,72031,187.472,0.21,0.27
PR,72033,27.488,,530.34
PR,72035,47.279,0.84,9.75
PR,72037,17.961,0.03,0.06
PR,72039,20.378,0.09,3.2
PR,72041,46.404,0.59,5.88
PR,72043,38.934,0.53,1.54
PR,72045,19.524,0.36,2.62
PR,72047,38.332,0.64,4.72
PR,72049,2.016,,
PR,72051,35.69,6.68,6.69
PR,72053,41.729,0.2,7.48
PR,72054,14.68,1.21,1.21
PR,72055,22.514,9.26,9.69
PR,72057,45.1,3.13,11.03
PR,72059,23.552,3.75,694.04
PR,72061,102.287,0.22,0.22
PR,72063,41.18,1.56,3.56
PR,72065,41.952,2.83,5.31
PR,72067,17.26,0.94,0.97
PR,72069,60.345,0.72,5.38
PR,72071,46.824,0.44,29.22
PR,72073,18.01,0.14,2.56
PR,72075,52.409,9.35,12.71
PR,72077,39.647,1.18,6.13
PR,72079,27.409,3.32,8.73
PR,72081,36.868,0.12,3.04
PR,72083,11.854,0.02,1.44
PR,72085,38.018,0.34,0.53
PR,72087,33.557,0.05,0.06
PR,72089,20.448,0.04,2.71
PR,72091,48.54,4.78,4.79
PR,72093,6.405,0.1,1.57
PR,72095,12.776,1.59,1.71
PR,72097,95.28,1.39,22.12
PR,72099,43.086,1.15,1.7
PR,72101,32.012,0.4,4.42
PR,72103,24.167,0.1,15.45
PR,72105,30.019,0.45,1.34
PR,72107,24.648,0.33,3.84
PR,72109,20.12,1.13,4.63
PR,72111,28.692,0.26,10.79
PR,72113,182.387,7.77,14.55
PR,72115,27.32,0.46,5.02
PR,72117,15.996,1.3,1.31
PR,72119,55.453,0.01,18.82
PR,72121,27.238,0.06,2.16
PR,72123,31.969,6.31,532.33
PR,72125,37.544,1.79,3.41
PR,72127,428.591,0.21,537.86
PR,72129,43.566,0.41,8.33
PR,72131,46.684,0.46,5.12
PR,72133,22.641,15.84,18.96
PR,72135,75.395,0.27,68.91
PR,72137,95.007,0.69,0.69
PR,72139,83.184,0.01,105.4
PR,72141,34.972,0.23,4.52
PR,72143,39.31,2.22,2.22
PR,72145,64.11,3.87,5.77
PR,72147,9.22,0.02,0.02
PR,72149,29.637,0.22,21.53
PR,72151,40.237,3.89,6.17
PR,72153,47.894,1.4,12.32
VI,78010,52.18,0.93,59.06
VI,78020,2.17,0.01,0.25
VI,78030,54.35,0.24,81.04
