county,state,num_wells,average_change
003,01,1,0.092
039,01,1,-5.278333333
043,01,1,-14.81
049,01,1,-0.279333333
079,01,1,-2.871
087,01,1,-7.024
089,01,1,-17.335
101,01,1,-1.59
119,01,1,-3.4475
125,01,1,-3.583
020,02,2,1.479375
068,02,2,0.270714286
090,02,35,0.823272531285714
110,02,20,1.6521065152
282,02,7,-0.294652013428572
001,04,21,6.50480158728572
003,04,130,2.77741977630769
005,04,47,3.01042167738298
007,04,45,37.9677925926667
009,04,48,22.7693516848542
012,04,37,5.45253603602703
013,04,157,-3.92284928424204
015,04,25,2.16723333332
017,04,32,7.78213541665625
019,04,84,7.23668693808334
021,04,9,-16.2317283952222
023,04,14,9.67159863971429
025,04,102,9.37869514470588
027,04,21,1.97681206495238
001,05,53,8.94594414488679
003,05,16,5.5769791666875
011,05,7,-4.09990476185714
013,05,5,-12.747333334
017,05,9,8.69166666666667
021,05,30,4.82933333333333
025,05,2,4.125
027,05,33,-1.02059595960606
031,05,40,7.5498125
035,05,21,4.87841269842857
037,05,41,12.7886585365854
039,05,6,1.29138888883333
041,05,23,8.96054865404348
043,05,16,2.5928125
051,05,3,-3.11047619033333
053,05,6,-4.39833333333333
055,05,23,3.37217391304348
063,05,5,-9.72
067,05,25,6.6441
069,05,27,-11.6823333333333
073,05,2,0.5694444445
075,05,19,7.7625
077,05,31,8.13193548387097
079,05,18,8.92
085,05,60,8.78149702366667
093,05,21,-1.34619047619048
095,05,24,6.6715625
097,05,1,-2.400333333
103,05,28,-1.26975
107,05,24,10.8058333333333
111,05,35,13.2852857142857
117,05,26,2.26684401707692
121,05,17,4.16588235294118
123,05,19,9.27144736842105
137,05,1,1.39
139,05,50,-38.2645038094
145,05,8,1.41625
147,05,24,3.85125
001,06,5,0.168
003,06,1,3.7
007,06,2,-5.3
009,06,5,-0.3974229438
011,06,1,-0.44
013,06,4,1.8
017,06,30,-0.290547008533333
019,06,32,26.1576060307813
021,06,7,3.52402040814286
025,06,135,6.19240738251852
027,06,34,-0.261133482647059
029,06,110,1.96851212121818
031,06,3,12.3
035,06,7,-0.657619047571429
037,06,279,7.8071090479319
039,06,6,1.74333333333333
045,06,4,-0.80114583325
047,06,16,8.5222916666875
049,06,6,21.36975
051,06,34,5.23713926779412
055,06,3,-7.55095238
061,06,3,-9.91666666666667
065,06,144,17.0264523181528
067,06,27,-1.21364652262963
071,06,903,7.67901315627465
073,06,113,5.1098628749469
077,06,14,-5.23191609978571
079,06,18,14.2547777779444
083,06,463,10.2342822045572
093,06,5,9.403
095,06,7,-1.55714285714286
099,06,29,1.53721662248276
101,06,10,1.3670757575
103,06,6,-1.72222222216667
107,06,2,9.645
111,06,6,8.28673611116667
113,06,10,-1.0557868687
115,06,2,-1.4
001,08,1,-0.735
003,08,134,3.00665647342537
005,08,3,-0.18
009,08,4,7.725
011,08,21,1.76452380952381
015,08,13,2.90576923076923
017,08,24,15.9764583333333
021,08,25,3.8040180572
023,08,43,12.3617991542791
025,08,5,3.413
027,08,41,-0.425975609756098
035,08,50,-1.66185333342
041,08,196,-0.0950127053724485
043,08,7,1.63214285714286
061,08,8,-4.05375
063,08,190,16.2349701754579
065,08,3,-0.856666666666667
067,08,2,2.088
073,08,15,2.49
075,08,10,2.226
087,08,2,-0.2766666665
089,08,19,0.484824561368421
093,08,33,0.102865013818182
095,08,52,18.5621153846154
099,08,33,3.13469696969697
101,08,73,1.14241295339726
105,08,33,12.5113329398182
109,08,161,6.06215444890683
115,08,11,5.01636363636364
121,08,62,2.91916666666129
123,08,1,-3.245
125,08,181,21.4622007366851
001,09,9,-3.90335497911111
003,09,32,-1.2648943386875
005,09,39,-0.659448944615385
007,09,10,-1.7189503986
009,09,15,-2.9384411256
011,09,15,-0.658515844133333
013,09,13,-1.851204909
015,09,6,-1.20410714283333
001,10,29,-1.78076517637931
003,10,55,0.238954414781818
005,10,66,-2.29834287678788
001,11,41,1.14642438331707
031,12,5,-0.0347111112
109,12,1,3.294444444
007,13,4,3.711
025,13,1,3.87
029,13,6,-4.06308333333333
031,13,9,0.220985986544445
033,13,4,33.52181818
035,13,1,0.280952381
037,13,3,1.25822222233333
039,13,47,-5.389748227
049,13,3,0.825
051,13,20,-9.78574654115
053,13,1,11.93
057,13,1,-0.555
067,13,51,-3.51136391466667
075,13,1,3.162
081,13,3,0.102666666666667
085,13,1,0.93375
087,13,5,-1.5098380952
089,13,1,-0.075454545
093,13,1,15.306
095,13,66,2.79332195790909
099,13,3,-0.113707072333333
103,13,5,-9.7505401514
121,13,2,0.291111111
127,13,78,-5.20382222248718
129,13,1,6.184
131,13,1,2.374
133,13,1,-3.177619048
135,13,40,0.56831165445
167,13,1,10.55
171,13,1,-2.89
175,13,2,3.5971666665
177,13,6,-2.0419259265
179,13,3,3.44
183,13,1,4.67
185,13,1,-3.622307692
191,13,4,-0.61608333325
195,13,3,0.819444444333333
201,13,5,4.0045939392
205,13,6,-0.446925926
209,13,1,12.78
235,13,1,6.11
243,13,3,8.36977777766667
245,13,8,-3.799166666625
247,13,3,-5.46138888866667
253,13,2,-10.89
255,13,1,-1.148333333
261,13,1,22.54
273,13,1,4.8625
277,13,3,2.94027777866667
279,13,1,11.10428571
289,13,3,1.28944444433333
295,13,1,-1.712121212
299,13,1,-0.295
303,13,1,-10.07875
305,13,5,2.604923077
311,13,1,0.511111111
321,13,4,-0.599628787
001,15,1,71.33666667
009,15,1,8.102
001,16,77,0.404539309896104
003,16,4,-3.09204166675
005,16,6,3.08409632033333
007,16,2,1.8645833335
011,16,52,5.83771801915385
013,16,16,2.4739062500625
015,16,1,0.213333333
017,16,3,-10.8754722233333
019,16,11,10.1459090909091
021,16,33,-1.69583356066667
023,16,308,5.83850327142857
025,16,5,-0.0573333334
027,16,43,-0.833309348209302
029,16,8,0.577291666625
031,16,47,5.72375005393617
033,16,9,7.18929976855556
037,16,4,0.81708333325
039,16,53,7.55207854149057
041,16,2,3.5175
043,16,30,7.317987302
045,16,5,0.6456666668
047,16,20,10.36574545505
051,16,77,8.75175745555844
053,16,13,8.26309506692308
055,16,24,-1.60766828995833
057,16,4,4.25599206275
059,16,5,5.0927333332
061,16,2,-7.585
063,16,6,17.5288797816667
065,16,27,5.29696061151852
067,16,13,7.68697552407692
069,16,6,4.2478194445
071,16,7,2.80666666714286
073,16,27,3.60742655237037
075,16,2,0.9786666665
077,16,16,2.1856597224375
081,16,2,9.8125
083,16,55,9.15893084218181
085,16,5,-1.223494244
087,16,6,1.17365476183333
003,17,1,-0.03
007,17,3,0.86
011,17,1,0.735
019,17,12,-1.104390873
023,17,1,-3.5
027,17,1,-0.18
031,17,6,-0.275705598166667
037,17,1,28.50833333
039,17,1,0.7
043,17,1,0.326428571
063,17,1,4.8575
089,17,2,-0.20325
091,17,1,-0.46
093,17,1,1.105
097,17,5,-6.651
103,17,3,-0.734166666666667
111,17,17,0.489270308117647
113,17,9,-1.28664814822222
119,17,9,-0.371296296333333
141,17,2,0.4
163,17,1,-2.5075
165,17,1,-1.079166667
171,17,1,0.47
177,17,1,-5.925
179,17,3,0.867179487333333
183,17,1,-0.92
191,17,1,-2.145
197,17,2,-3.755
201,17,1,-2.4335
203,17,1,0.436666667
005,18,1,-0.89
007,18,1,0.713333333
011,18,1,-4.856666667
017,18,1,-0.665
021,18,1,0.9
031,18,1,-1.636666667
035,18,1,0.375
039,18,1,-0.495
049,18,1,-1.34
053,18,2,-2.265
057,18,13,1.82371794869231
059,18,4,-1.74862373725
061,18,1,-9.465
063,18,1,-11.245
073,18,1,-8.13
077,18,1,-2.719
083,18,2,-1.4670833335
087,18,1,-0.19
089,18,87,0.489201149413793
091,18,1,-2.431666667
097,18,2,-0.315952381
101,18,1,-1.861666667
107,18,1,-3.5725
109,18,1,0.44
111,18,3,-6.59592592433333
113,18,1,-2.456666667
129,18,1,-5.613333333
131,18,1,-3.335
135,18,1,0.175
141,18,42,-1.24547619047619
145,18,1,-0.223333333
157,18,1,-0.938333333
163,18,1,-1.435
167,18,1,-2.23
177,18,1,-2.035
179,18,1,-1.745
183,18,1,0.49
003,19,2,0.573333333
007,19,1,17.05
009,19,3,1.596111111
011,19,4,1.20416666675
013,19,17,-1.36817398541176
017,19,1,-3.5
021,19,4,9.042500001
025,19,2,8.0941666665
027,19,5,1.3218333334
029,19,2,1.3575
033,19,2,49.508333335
035,19,2,3.95
043,19,4,-1.5379166665
045,19,2,24.52
047,19,7,3.26292516985714
049,19,1,37.5
053,19,1,14.32
055,19,1,0.345
061,19,1,12.495
065,19,1,6.8725
067,19,6,12.7861111106667
071,19,4,0.69714285725
073,19,5,-1.7373333324
075,19,1,-5
077,19,4,-0.276875
079,19,2,1.8085714285
081,19,1,-0.535
083,19,1,-1.913333333
085,19,6,-0.165565476166667
087,19,2,-1.4825
089,19,1,0.5
091,19,6,3.1328968255
093,19,2,-6.42
095,19,3,1.39333333333333
097,19,5,-0.303
099,19,3,-3.04388888766667
101,19,1,1.927142857
103,19,62,2.02172085729032
105,19,1,1.245
107,19,2,7.945
111,19,1,9.64
113,19,39,-1.56707534325641
117,19,1,4.374761905
119,19,4,2.2230555555
121,19,1,8.178
123,19,3,-37.2883333333333
125,19,3,-1.40037037033333
127,19,3,-0.0624603173333333
129,19,2,3.515
131,19,5,2.6333333334
133,19,11,2.44170509463636
137,19,2,0.828388889
139,19,6,12.7699735456667
141,19,3,4.09293650766667
143,19,4,4.53916666675
145,19,1,0.055
149,19,3,6.03111111
155,19,2,-0.1991666665
163,19,1,-9.69
165,19,5,2.5203333334
167,19,2,10.071666665
169,19,2,-7.828333335
177,19,1,0.64
183,19,3,0.692878788
187,19,2,0.5083333335
193,19,2,-6.328333335
007,20,2,3.9725
009,20,21,0.953361678
023,20,34,7.26019607852941
039,20,31,1.694327957
047,20,36,6.43330687838889
055,20,50,37.81543000092
057,20,41,12.5942520328293
061,20,27,0.0321643151111111
063,20,18,2.90916666666667
065,20,14,-0.576785714285714
067,20,18,44.205185185
069,20,31,29.2535000000968
071,20,13,8.79076923069231
075,20,6,16.7713888888333
079,20,403,-3.93373211956576
081,20,18,44.4282407409445
083,20,10,4.821
093,20,20,25.0348833328
095,20,23,-0.0358115942173914
097,20,23,5.88028985508696
101,20,19,4.40570175436842
109,20,7,1.34357142857143
113,20,28,2.94347619039286
119,20,22,32.9750757578636
129,20,9,17.5666666666667
135,20,2,-0.755
137,20,7,-0.633214285714286
145,20,27,3.29730246911111
147,20,1,-3.7475
149,20,19,1.10120551389474
151,20,37,2.15378378378378
153,20,26,4.33423076923077
155,20,268,1.2704570895597
157,20,1,1.015
159,20,11,-0.247954545454545
161,20,19,1.07047723463158
165,20,3,0.480000001
171,20,32,7.761614583625
173,20,184,-1.58457118514674
175,20,26,39.4692307693462
179,20,49,10.8623639455918
181,20,57,19.1550877191228
185,20,46,0.779884057978261
187,20,14,27.5126190478571
189,20,22,56.1906818181818
193,20,47,11.687851386234
195,20,2,2.3025
199,20,18,20.3321296294444
203,20,33,8.71782828284848
035,21,1,0.492380952
047,21,1,-1.021904762
059,21,1,0.385238095
063,21,1,-0.4875
067,21,1,1.161944444
069,21,75,-0.153775238173333
073,21,1,-0.512222222
083,21,1,-2.984545455
085,21,1,-0.028333333
093,21,32,-0.14763812234375
101,21,1,0.69
111,21,33,1.86441161615152
123,21,1,-1.202857143
141,21,1,-3.461428571
163,21,2,-6.2754166665
169,21,1,0.08125
227,21,1,-0.486666667
001,22,5,4.5468333334
003,22,6,0.576111111166667
005,22,1,5.645
009,22,3,-0.00500000000000019
011,22,11,0.724560606090909
013,22,4,6.49270833425
015,22,93,-0.108034050204301
017,22,63,-1.59390740731746
019,22,26,-7.11682051296154
021,22,3,0.815833333333333
023,22,9,0.453611111111111
025,22,2,1.57625
027,22,4,-7.6408333335
029,22,2,1.5995
031,22,10,3.022016667
033,22,58,8.46173534684483
035,22,3,-1.22166666666667
037,22,5,4.9953333334
039,22,4,3.650701291
041,22,4,2.71735190775
043,22,32,1.31276785725
045,22,1,2.342
047,22,1,-0.365
049,22,4,0.458095239
051,22,3,-10.516388889
053,22,5,0.9295
055,22,1,8.5025
059,22,3,-1.02444444433333
061,22,4,11.420625
063,22,7,3.97333333328571
065,22,2,-4.2608333335
067,22,11,-3.215469697
069,22,113,1.14328697854867
071,22,6,-18.2616166661667
073,22,10,7.0611341463
077,22,10,6.7868333333
079,22,95,-0.219894736757895
081,22,66,0.722904040393939
083,22,6,2.03777777783333
085,22,5,1.4083333334
089,22,1,1.785
091,22,5,2.4426666668
093,22,2,-1.37
095,22,4,5.805
097,22,3,5.06
099,22,5,2.0008333334
101,22,2,1.6975
103,22,12,2.15249999991667
105,22,15,4.8747063494
107,22,1,-0.57
111,22,4,30.04583333325
113,22,5,2.936
115,22,24,0.77799074075
117,22,9,-0.105648148111111
119,22,2,-0.1475
121,22,14,15.4547619047857
123,22,2,5.81125
125,22,7,7.97107142857143
127,22,7,11.4446428571429
001,23,1,0.81952381
003,23,4,1.0259297205
005,23,6,-0.997590343333334
007,23,4,-4.256388889
009,23,4,-0.418926407
011,23,6,-0.958274392333334
017,23,4,-1.74928240725
019,23,2,1.3533333335
021,23,1,0.006666667
025,23,1,-0.600833333
027,23,2,-1.7025
029,23,3,-1.26519493166667
031,23,2,0.0392727275
001,24,5,-0.1254626264
003,24,159,6.09803236533962
005,24,117,-0.948449232367521
009,24,45,17.5087366492444
011,24,16,-1.319452380875
013,24,5,-0.1167333332
015,24,14,2.99546753228571
017,24,78,20.8851498839231
019,24,27,8.5616084657037
021,24,6,-3.79856565666667
023,24,28,25.6291762411786
025,24,46,0.123342952086956
027,24,4,-2.77975
029,24,50,0.8270561472
031,24,14,0.371107761428572
033,24,50,10.6480662771
035,24,33,3.34428682430303
037,24,55,15.6072892106545
039,24,3,-3.91318181833333
041,24,11,6.88471212081818
043,24,8,-3.956359217625
045,24,6,-1.6926161615
047,24,30,-1.21218543783333
510,24,4,-17.41682837925
001,25,151,-1.64225341098676
003,25,11,-1.75020726654545
005,25,6,-0.328818181666667
007,25,12,-1.3020949075
009,25,5,-1.672430303
011,25,7,-1.125884869
013,25,10,-0.7055404041
015,25,6,-0.584075757833333
017,25,19,-0.226514895368421
019,25,13,-1.98184693084615
021,25,7,-1.99272510828571
023,25,29,-0.635681295724138
025,25,1,-0.051
027,25,20,-1.1130670468
013,26,1,2.05
021,26,1,-1.3
023,26,1,-4.4
025,26,1,-1.205
031,26,2,-3.735
033,26,1,-0.941666667
045,26,2,-5.947761905
055,26,1,-2.04
059,26,1,0.032
063,26,27,-0.427993827148148
065,26,7,-0.502804597714286
073,26,5,-0.1264958792
077,26,43,-0.958713228651163
091,26,1,0.97
097,26,1,-6.74
115,26,35,3.66076695497143
125,26,5,-0.1861
127,26,3,0.108762108333333
131,26,1,2.234
145,26,2,-3.386
153,26,3,-0.404166666666667
161,26,1,-1.475
003,27,1,1.193
007,27,144,0.121481674388889
013,27,1,-1.078666667
017,27,10,-0.9236124198
021,27,2,-0.0225
027,27,1,-3.07125
037,27,2,1.724166667
041,27,2,0.032767857
049,27,13,-0.816497669153846
053,27,5,3.9712142856
061,27,2,0.377261905
097,27,1,0.59
109,27,48,-0.757170642520833
111,27,4,0.022375
119,27,68,0.806422377514706
123,27,9,-3.41817460322222
125,27,12,-4.26264484133333
127,27,2,2.9725
137,27,2,-0.2945454545
139,27,3,0.328696969666667
141,27,7,-0.545306122571429
159,27,42,0.0208991874761905
165,27,1,1.051428571
173,27,3,-1.66833333333333
001,28,4,-2.46425
003,28,12,4.49295634866667
007,28,1,1.173333333
011,28,56,4.99492559525
015,28,1,1.3575
017,28,1,2.325
019,28,1,4.268333333
021,28,1,-6.405
025,28,2,-9.249
027,28,29,4.78141379310345
029,28,1,14.325
031,28,3,13.255
033,28,5,2.3285
035,28,3,8.08244444333333
037,28,1,-0.635
043,28,4,-0.698625
045,28,2,2.34
047,28,4,2.30908333325
049,28,16,24.9584506490625
051,28,5,2.134
053,28,34,1.03470588232353
055,28,10,1.55475
057,28,2,-0.9575
059,28,8,-6.596041667125
067,28,2,4.092
071,28,4,0.49583333325
073,28,1,10.452
077,28,1,1.63
079,28,3,13.53
081,28,7,-6.88785714285714
083,28,28,6.02922619060714
085,28,1,9.46
087,28,7,5.71285714285714
089,28,6,40.0042539175
093,28,1,1.665
095,28,5,0.9336
103,28,2,7.64
105,28,2,6.455
107,28,5,2.4325
117,28,4,2.68708333325
119,28,13,3.91692307692308
121,28,4,61.3286111125
123,28,1,5.8
125,28,18,1.50163888872222
127,28,3,13.2883333333333
133,28,41,9.24989547014634
135,28,21,6.95464285714286
137,28,2,2.575
139,28,1,24.6
141,28,4,6.345
143,28,26,5.29230769230769
145,28,2,5.445
149,28,13,-2.17358974361538
151,28,70,3.46954932304286
153,28,1,3.293333333
163,28,8,-0.253125
087,29,1,7.825
095,29,1,7.88
219,29,2,10.655
001,30,4,5.574375
003,30,8,-0.324798115125
005,30,5,0.1897238096
007,30,8,-1.6645
013,30,2,-0.7535
023,30,1,0.844285714
029,30,9,-2.02740740744444
031,30,4,0.07308333325
033,30,1,-0.89
043,30,7,1.28447562357143
047,30,1,-11.20733333
049,30,69,0.152851289173913
053,30,18,-2.95999537038889
055,30,1,-1.983333333
059,30,76,-0.261437267394737
061,30,4,1.18908333325
067,30,6,-0.3224305555
075,30,1,-1.262
077,30,2,1.543952381
081,30,18,-3.71401675472222
083,30,1,-1.835897436
085,30,2,-1.2225
087,30,8,-1.093375000125
089,30,7,-1.76041666657143
091,30,2,0.11
097,30,2,0.3841666665
099,30,1,2.411666667
111,30,12,2.54650877816667
001,31,61,4.98199552906557
003,31,38,1.10759868421053
005,31,20,-3.96625
007,31,62,4.61042882741935
009,31,21,0.776952380952381
011,31,26,-1.01192307692308
013,31,57,11.5470243787719
015,31,8,2.96125
017,31,39,3.4225641025641
019,31,91,5.57552761336264
021,31,39,1.9087111114359
023,31,52,5.46079624209615
025,31,13,0.603461538461538
027,31,27,1.96666666666667
029,31,67,13.3716870195522
031,31,87,0.777464878666667
033,31,64,2.9599006885625
035,31,80,4.8290113636375
037,31,29,7.58534482758621
039,31,25,-0.7302
041,31,99,2.34075757575758
043,31,10,1.7225
045,31,6,1.0275
047,31,183,5.21270568867213
049,31,24,1.014375
051,31,11,1.84136363636364
053,31,62,1.51729876440323
055,31,5,1.5533333334
057,31,78,19.2204509592436
059,31,108,1.90705583616667
061,31,22,2.29818181818182
063,31,38,-1.23173245613158
065,31,22,2.72738636363636
067,31,27,3.09271043781482
069,31,87,2.01346743295402
071,31,15,0.0245555555333333
073,31,109,1.19018348624771
075,31,4,0.625
077,31,20,-0.74304166665
079,31,95,4.06708930663158
081,31,134,4.05527754713433
083,31,67,0.162104655283581
085,31,20,5.30014166665
087,31,28,1.36656944446429
089,31,93,4.69314157705376
091,31,10,-2.039
093,31,41,4.19085365853659
095,31,28,4.84237012985714
097,31,21,0.360734127
099,31,89,2.3825655431573
101,31,50,2.00175384602
103,31,19,2.70372598163158
105,31,33,5.53504489336364
107,31,24,-0.236041666666667
109,31,59,2.2002158998983
111,31,73,2.29834331628767
113,31,8,2.40375
115,31,19,0.807368421052632
117,31,18,-1.14486111111111
119,31,36,-4.18638888888889
121,31,71,3.26325117371831
123,31,112,2.8777413690625
125,31,31,1.42935483870968
127,31,1,6.545
129,31,32,4.6140625
131,31,2,6.3375
135,31,88,11.4485397727273
137,31,121,1.56977961431405
139,31,59,3.24898305084746
141,31,40,3.812625
143,31,62,6.57069124424194
145,31,30,1.1369384921
147,31,4,4.76875
149,31,22,4.55590909090909
151,31,34,4.18639037432353
153,31,22,-0.553106060590909
155,31,74,1.52234743671622
157,31,225,2.10901214397778
159,31,91,4.55654889238462
161,31,42,5.71347883595238
163,31,21,0.68
165,31,60,5.16381642496667
167,31,24,3.58416666666667
169,31,73,4.23050228310959
171,31,11,-2.30363636363636
173,31,12,2.00041666666667
175,31,41,-6.41423269280488
177,31,12,1.88541666675
179,31,20,0.79825
181,31,19,2.15131578947368
183,31,23,0.393049516913043
185,31,143,6.39973233584616
001,32,159,1.18463642669182
003,32,219,-30.2588853173516
005,32,90,4.05079562931111
007,32,11,-1.24067099572727
009,32,6,-1.52416666666667
011,32,17,3.43372222194118
013,32,8,5.946354166625
015,32,2,1.175
017,32,38,1.28469298252632
019,32,139,0.477855380223022
021,32,31,3.07425171064516
023,32,427,0.646812385360655
027,32,2,2.697261905
029,32,11,-5.088446609
031,32,49,0.25603514732653
033,32,38,-0.326942355894737
510,32,74,-1.19445765591892
001,33,2,1.3484166665
003,33,3,-0.416574074333333
005,33,3,-0.385753968333333
007,33,6,-0.301620240833333
009,33,56,0.293097350375
011,33,5,-0.497651515
013,33,9,-1.09325396822222
015,33,11,0.704073002818182
017,33,4,-1.120324495
019,33,2,0.38375
001,34,15,-1.9881269842
003,34,5,4.1798121212
005,34,28,-6.945210884
007,34,19,-9.71986340857895
009,34,23,-0.583168219478261
011,34,27,5.69484661437037
013,34,5,-18.823
015,34,37,-6.35822730202703
019,34,5,-3.4133333334
021,34,45,-2.63464603168889
023,34,18,-3.08494709011111
025,34,15,-7.01473015893333
027,34,17,-5.95616806729412
029,34,25,-6.81369666668
031,34,1,7.21
033,34,22,-2.78255916290909
035,34,2,1.5941666665
037,34,7,1.26307823114286
039,34,4,-2.016
041,34,2,1.0608333335
001,35,152,-1.55172726058553
005,35,4,23.27995826925
006,35,5,21.843363636
007,35,1,5.91
009,35,25,23.80206666668
013,35,233,6.00728583298713
015,35,10,6.8985945891
019,35,1,24.399
021,35,5,2.007
023,35,11,3.52454545454545
025,35,72,19.2537673611111
027,35,46,6.53118297104348
029,35,10,5.9585
031,35,8,2.316875
033,35,2,3.07
035,35,5,7.576
037,35,6,1.13805555566667
041,35,7,26.7278571428571
043,35,17,7.11479016647059
045,35,7,82.7185714285714
047,35,4,77.2635
049,35,40,-18.891911308575
051,35,5,4.7211111112
053,35,2,0.3466666665
055,35,11,-3.27729522463636
057,35,6,17.9433333333333
059,35,11,30.6393181818182
061,35,8,0.77448863625
001,36,2,-1.5583333335
003,36,2,-1.4226785715
007,36,3,-0.160444444333333
009,36,2,2.77425
011,36,2,-3.930357143
013,36,3,6.60977404433333
015,36,2,-0.8496666665
017,36,1,-0.83
019,36,2,0.767159091
021,36,10,-2.0544109574
023,36,3,-0.964444444333333
025,36,2,-0.651
027,36,2,-1.2691666665
029,36,1,-2.295
031,36,2,0.6441666665
033,36,2,1.5669166665
035,36,2,0.4858333335
037,36,2,-2.302380952
039,36,2,-2.5710714285
041,36,1,0.71
043,36,2,-2.1626666665
045,36,2,0.4426666665
049,36,1,-0.406666667
051,36,1,-0.523333333
053,36,2,-5.147357143
055,36,10,-0.5305067155
057,36,1,0.64
063,36,2,-2.724935484
065,36,3,-0.531111111
067,36,8,-2.95260416675
069,36,2,3.3993518515
071,36,2,0.3225
073,36,1,-3.3
075,36,2,-1.776
077,36,1,-1.309772727
079,36,2,-0.4791666665
083,36,3,-1.57089798
087,36,2,-6.9725
089,36,2,0.381904762
091,36,3,-3.74906330766667
093,36,1,1.201666667
095,36,2,1.309
097,36,2,-5.535
099,36,2,-1.030681818
101,36,1,-0.829166667
105,36,1,0.2525
107,36,1,1.936666667
109,36,2,-0.44125
111,36,2,1.6383333335
113,36,2,0.2116666665
115,36,1,-0.763333333
117,36,1,-0.745
119,36,1,0.983333333
121,36,3,-0.595560904
123,36,1,0.696
011,37,1,0.195238095
013,37,8,3.76370535725
015,37,2,-1.02
017,37,14,-21.5319801585
019,37,14,2.29192460342857
021,37,33,1.14829237175758
023,37,2,-2.445
027,37,2,-3.8125
031,37,1,3.008888889
035,37,2,0.040833333
039,37,2,-2.0340714285
047,37,5,2.1436212122
049,37,6,5.29203703633333
051,37,1,61.13333333
059,37,1,2.787619048
061,37,6,-0.426296296166667
071,37,2,-9.425
073,37,1,5.643
079,37,17,0.360707283
081,37,1,0.13
087,37,1,0.362222222
091,37,1,1.15
093,37,4,0.535
095,37,1,1.958
097,37,51,0.234969551470588
103,37,4,9.3961818175
107,37,4,-2.575695707
111,37,2,-1.15625
113,37,4,-0.20875
119,37,20,0.32327234845
129,37,1,10.52444444
133,37,20,4.0749488096
135,37,2,-0.2525
137,37,2,2.025625
139,37,4,-0.8048809525
143,37,2,6.399
145,37,11,2.96262843681818
147,37,3,0.100074074
151,37,13,0.0786657112307692
153,37,1,0.627142857
155,37,18,2.46102777777778
157,37,33,-0.349922822121212
159,37,1,1.003809524
165,37,3,-2.27538095233333
173,37,1,-1.1135
175,37,2,1.2415367965
177,37,4,0.33755952375
179,37,2,-1.905
183,37,27,-5.39758986651852
187,37,3,-0.105962963
189,37,1,0.07
191,37,1,-1.734444444
197,37,1,0.45
001,38,2,-0.185
005,38,15,-1.72250740746667
009,38,3,0.205202381
011,38,2,1.7766666665
013,38,1,-0.912
015,38,3,-1.159
017,38,6,3.330357143
019,38,2,2.925
021,38,2,-7.408
023,38,3,-4.088888889
025,38,4,-1.345855158725
027,38,2,-0.950625
029,38,1,-16.136
031,38,1,-1.760833333
033,38,1,-10.5925
035,38,1,0.173333333
037,38,2,-0.91625
039,38,4,5.42580357175
041,38,1,2.214166667
043,38,3,1.615037037
045,38,2,-2.7995
047,38,5,-2.0542888888
049,38,8,-0.28549652775
051,38,7,-1.82092857142857
053,38,12,-1.36381379741667
055,38,1,-1.215555556
057,38,1,8.61
059,38,7,-6.103
061,38,2,0.82
063,38,2,0.6805714285
065,38,1,5.5115
067,38,1,-0.225714286
069,38,3,-2.49433333333333
071,38,4,-7.45749999825
073,38,5,-0.2045666668
075,38,1,-0.5075
077,38,4,-0.470422078
079,38,4,-19.3166666675
081,38,5,-0.663257143
083,38,1,-3.935
085,38,3,-2.70333333333333
089,38,1,-1.028333333
091,38,1,-0.476666667
093,38,3,0.511
095,38,5,-4.589333334
099,38,5,-3.3016666666
101,38,1,-23.52028571
103,38,2,-0.3292857145
105,38,15,-2.088798311
007,39,11,1.32179437236364
009,39,1,-0.4
011,39,1,-0.89
017,39,15,-2.56095577833333
021,39,8,0.30384375
023,39,15,0.2967325396
043,39,1,7.401428571
047,39,1,-0.27
049,39,46,2.22248550723913
053,39,1,-5.405
055,39,45,0.0264719576666666
057,39,1,0.61
061,39,9,-1.397026455
065,39,1,-1.53
073,39,1,-3.365
083,39,1,-0.75
095,39,12,-0.473477182583333
097,39,1,-0.41
099,39,1,-0.355
109,39,1,-1.865
113,39,4,-3.6766666675
129,39,9,1.538573633
133,39,11,0.607797258181818
139,39,10,1.0659781747
157,39,12,-81.2328120489167
165,39,1,-1.19
171,39,1,-1.335
001,40,2,-3
003,40,4,-0.7075
005,40,1,2.61
007,40,16,1.700625
009,40,15,-0.998666666666667
011,40,4,-1.17
013,40,1,-6.04
015,40,19,1.24205263157895
017,40,3,4.34
021,40,2,-2.935
023,40,3,2.5
025,40,22,12.7613636363636
027,40,4,0.907
031,40,5,-2.1553666666
033,40,1,-8.75
035,40,1,1.29
037,40,1,3.095
039,40,8,-5.0775
043,40,8,-9.59875
045,40,25,-6.3152
047,40,10,1.397
049,40,1,-2.48
051,40,2,2.73
053,40,3,-0.963333333333333
055,40,10,5.538
057,40,9,6.47933333333333
059,40,7,9.58428571428571
063,40,1,0.88
065,40,3,9.71666666666667
069,40,4,7.098125
071,40,1,0.02
073,40,11,-0.212727272727273
075,40,13,-1.06384615384615
081,40,2,-5.02
083,40,1,1.42
087,40,1,0.74
089,40,2,3.335
091,40,2,-2.705
093,40,11,-1.91636363636364
095,40,1,3.7
097,40,1,-6.7
099,40,1,9.0575
105,40,2,1.2
107,40,2,-4.665
109,40,6,-0.165
113,40,2,4.364642857
115,40,5,7.8441
119,40,2,3.715
123,40,2,9.100833335
127,40,1,9.31
129,40,11,-2.92909090909091
131,40,1,7.2
135,40,1,-4.39
139,40,41,16.3024157956098
141,40,14,5.26357142857143
147,40,3,-0.19
149,40,5,-2.322
151,40,4,-6.405
153,40,21,-0.00138888890476184
003,41,4,-0.157
005,41,31,0.918843307032258
007,41,1,-0.775
009,41,1,-0.7
013,41,6,9.63277777733333
017,41,32,-0.47351065328125
021,41,4,11.325
023,41,2,-0.465
029,41,2,0.64125
031,41,10,-2.8029000004
035,41,189,6.64723582767725
037,41,2,0
039,41,7,-2.15833333342857
043,41,11,-1.48637373736364
047,41,71,0.577749632267606
049,41,64,19.6195738636406
051,41,32,-0.880157067
053,41,9,6.129265873
059,41,115,13.3044136910435
065,41,20,13.5999333335
067,41,21,-5.16328466742857
071,41,11,-1.70318181818182
001,42,21,-3.19696402804762
003,42,1,-0.93
005,42,1,-5.833333333
007,42,1,-0.435714286
009,42,2,5.927916665
011,42,1,15.64305556
013,42,2,-1.28475
015,42,1,2.896785714
017,42,3,-0.611262626
019,42,1,-0.43
021,42,2,-128.5447222055
023,42,1,-1.503333333
025,42,1,-21.365
027,42,2,-4.65
029,42,31,-5.08105083103226
031,42,1,-24.77583333
033,42,1,-4.17
035,42,4,-0.1835
037,42,1,-12.51916667
039,42,1,0.05
041,42,2,1.428625
043,42,2,1.08
045,42,1,2.026666667
047,42,1,-3.032857143
049,42,1,-0.095
051,42,1,0.99
053,42,1,0.156666667
055,42,2,-0.6457142855
057,42,1,-31.61333333
059,42,1,1.558666667
061,42,1,0.403333333
063,42,1,-12.17
065,42,1,-9.85
067,42,1,0.87
069,42,1,-25.28916667
071,42,3,-1.64055555566667
073,42,1,-1.034
075,42,1,-0.055
077,42,1,10.66416667
079,42,1,0.843809524
081,42,1,14.0805
083,42,2,-1.3291666665
085,42,1,-3.47
087,42,1,10.47416667
089,42,12,2.62265277775
091,42,9,-5.949407407
093,42,2,-1.738333333
095,42,1,-7.059090909
097,42,1,-4.832380952
099,42,1,-7.496666667
101,42,18,0.0414765712777778
103,42,32,-2.4585870535625
105,42,1,4.745
107,42,1,5.993333333
109,42,1,-0.076666667
111,42,2,-0.0475
113,42,1,-0.943333333
115,42,1,9.17
117,42,11,1.34584980236364
119,42,1,3.902
121,42,1,-11.4175
123,42,1,-1.625
125,42,1,0.691666667
127,42,1,3.9425
129,42,1,3.08
131,42,1,-3.7135
133,42,3,-4.12366522266667
003,44,32,-1.31214798653125
005,44,3,-3.02342424233333
007,44,13,-0.702621212153846
009,44,19,-0.646399321315789
003,45,2,5.543
007,45,1,-0.088333333
013,45,5,-2.4535
015,45,1,30.50928571
019,45,3,-6.302222221
021,45,1,6.854166667
023,45,1,2.18
025,45,3,0.269796296333333
029,45,1,7.3
031,45,1,-0.145714286
041,45,2,-5.38333333
043,45,1,12.28
045,45,2,-3.10225
049,45,1,0.8
055,45,1,-1.07375
057,45,1,-4.913333333
065,45,1,8.898
067,45,1,5.101333333
069,45,2,1.3283333335
073,45,1,1.286666667
079,45,8,1.470633928625
081,45,1,-3.233809524
083,45,1,11.23
091,45,1,2.1
003,46,2,2.932708333
005,46,2,2.8674242425
007,46,43,-0.311738648930233
011,46,1,0.116666667
013,46,8,-2.610147219375
015,46,1,0.905
019,46,1,-8.46
023,46,34,3.64011809270588
029,46,28,1.87386054428571
033,46,14,-8.13188492064286
037,46,16,-0.7316369048125
045,46,1,-0.583333333
047,46,5,-9.8458333334
051,46,44,0.543914141409091
053,46,9,2.35503703711111
059,46,1,3.653333333
071,46,5,-4.313333333
081,46,14,-22.3660238092857
083,46,1,2.020285714
091,46,16,-1.4023958331875
093,46,7,-22.0135824171429
095,46,5,0.8466666668
099,46,5,1.1352666668
103,46,29,8.52603318927586
109,46,50,-0.0803019047800001
113,46,6,-0.801527778333334
121,46,32,-0.3804592803125
123,46,36,2.64264550263889
003,47,2,0.1097916665
031,47,24,-0.732208333333333
047,47,2,1.88
051,47,2,2.5675
065,47,9,0.0992738094444445
075,47,1,1.962
097,47,2,5.445
103,47,1,4.171666667
113,47,1,1.445
117,47,4,0.49061469775
119,47,3,1.06180555566667
129,47,1,0.552307692
141,47,1,0.483333333
149,47,2,-1.245782828
155,47,1,-0.43
157,47,53,-4.50837226996227
003,48,16,1.5759375
011,48,62,0.68505299166129
017,48,80,14.605927083375
019,48,1,-2.04
027,48,2,-4.184347382
029,48,53,18.3015342171698
033,48,4,0.3175
039,48,29,-3.91775862068965
043,48,1,-0.900938596
045,48,27,3.85
053,48,1,0.78125
065,48,57,6.55271832350877
069,48,53,35.3921625543396
071,48,8,-4.82125
079,48,53,13.9403773584906
085,48,1,4.726666667
091,48,6,-0.681934733833333
093,48,1,4.113333333
099,48,2,21.84142857
107,48,50,12.2944647058
109,48,1,1.553287982
111,48,63,40.851746031746
113,48,2,3.2603333335
115,48,74,13.56555544
117,48,104,9.29949175824039
125,48,2,2.615
127,48,1,1.057746479
129,48,61,6.3033469944918
137,48,1,2.276666667
141,48,85,10.3048644151412
143,48,1,4.15
153,48,80,14.975409246625
157,48,64,-5.11234375
163,48,1,105.8825
165,48,72,26.9613194444444
167,48,44,-12.6734648269318
169,48,4,10.7175
173,48,7,5.45714285714286
179,48,79,-0.625843881848101
181,48,1,7.19
187,48,3,19.9113333333333
189,48,75,27.3845794998667
195,48,68,35.1272698801471
201,48,360,-47.8722201439972
205,48,35,62.6410476191428
207,48,1,0.15452381
209,48,6,2.09159271283333
211,48,47,-1.37893617021277
219,48,83,10.2988554216867
221,48,1,-17.64
227,48,14,8.03809523785714
229,48,2,4.0157407405
233,48,41,29.3508130081219
259,48,5,7.847823089
265,48,1,3.651428571
279,48,76,22.9936761695921
291,48,19,-3.55526315789474
295,48,35,9.01457142857143
303,48,100,10.4703705479
305,48,59,6.34677966101695
307,48,2,0.303921569
317,48,40,11.198615384625
325,48,18,-26.3158987253333
329,48,13,6.50384615384615
339,48,59,80.3417740116271
341,48,58,31.827192887931
345,48,1,-1.4
357,48,44,19.2765909090909
359,48,14,3.27857142857143
361,48,1,-2.59
367,48,1,13.74
369,48,72,34.0200793651389
371,48,10,2.6327180522
375,48,12,6.18625
381,48,70,1.76414285714286
385,48,2,0.6235555555
393,48,78,13.9924740025256
407,48,1,-3.99
421,48,48,46.765
437,48,70,7.07328231285714
439,48,5,-1.563220588
445,48,93,15.2137275986021
453,48,4,16.1154076925
463,48,5,25.0472420896
471,48,2,1.848333333
473,48,6,14.9025
483,48,42,1.55815192745238
491,48,1,2.815765199
501,48,69,19.2197101449275
001,49,56,5.81821575864286
003,49,57,3.86375102882456
005,49,26,1.07476578976923
007,49,1,-0.41
011,49,39,4.07132905982051
013,49,4,-6.5975
015,49,1,14.33
017,49,12,1.34916666666667
019,49,10,6.293
021,49,97,25.1211618391753
023,49,59,7.74823202362712
025,49,10,1.56499236
027,49,183,11.6671668473443
029,49,6,1.335
031,49,9,0.571111111111111
033,49,6,1.80833333333333
035,49,72,5.83603656547222
037,49,27,-0.309975008444445
039,49,52,4.74942307692308
041,49,17,2.95294117647059
043,49,37,4.33188377245946
045,49,118,6.09550485337288
047,49,24,0.570062194208333
049,49,101,9.20746371165347
051,49,32,6.33970333921875
053,49,23,5.51012001313044
055,49,5,-0.53
057,49,22,4.17857982272727
001,50,1,-0.1875
003,50,1,-0.8405
005,50,42,-0.347553398857143
007,50,1,0.999166667
009,50,1,-0.873333333
011,50,1,2.044166667
015,50,1,-0.868611111
017,50,1,-0.623611111
019,50,1,0.330833333
021,50,1,-0.2175
023,50,2,-0.870972222
027,50,3,-0.00888888899999999
001,51,42,-0.392124303809524
003,51,1,-5.294032258
007,51,1,-1.296666667
011,51,3,2.66961904766667
013,51,2,0.2108333335
015,51,2,3.185
017,51,1,1.645
019,51,2,-5.5863333335
025,51,1,-5.66
027,51,2,-4.9336363635
029,51,1,2.317878788
033,51,39,-2.45611484820513
036,51,2,9.81
041,51,8,-1.18891287875
043,51,39,-5.63129370628205
045,51,1,-4.803333333
049,51,1,-1.38
057,51,1,17.545
059,51,1,-1.79248227
061,51,1,0.642
069,51,40,-1.279929166675
073,51,6,25.2713333333333
085,51,3,5.44933333233333
087,51,14,-3.89468529
093,51,14,-11.7159361469286
095,51,17,9.8122311347647
097,51,3,18.6506944466667
099,51,38,-1.16139588184211
101,51,3,29.57288889
103,51,2,21.078
107,51,3,-5.85535353666667
109,51,3,9.158731209
115,51,5,10.0735714278
119,51,5,10.7279809526
121,51,1,-1.521184211
127,51,4,7.7985
131,51,28,-1.07454588153571
133,51,5,4.467
135,51,1,-1.14
137,51,1,-3.261101695
141,51,1,2.236666667
149,51,2,-1.193125
153,51,5,-0.7453333332
155,51,2,-0.3691666665
159,51,1,-0.285
163,51,1,-1.403333333
165,51,2,-1.8688636365
171,51,2,-20.6325
175,51,20,-20.2970083332
181,51,9,3.90177777777778
183,51,4,-8.0125
187,51,2,5.7131666665
193,51,4,12.47791666575
195,51,1,-3.38
199,51,45,-1.05462219751111
550,51,23,4.21644971086956
570,51,1,-1.535666667
620,51,3,-37.7
700,51,12,5.2953075395
710,51,1,9.53
740,51,3,1.74666666666667
770,51,1,0.605
790,51,1,-1.061756757
800,51,36,-6.91924981013889
810,51,62,-1.03848924729032
840,51,1,-1.161666667
005,53,1,-0.585
009,53,1,0
013,53,1,1.9
025,53,1,-1.14
031,53,9,1.36513407877778
033,53,36,-3.32906856275
035,53,126,-0.833318167468254
037,53,14,16.3896820123571
043,53,8,-0.171625
045,53,12,-2.86565614458333
053,53,180,-3.72184571525556
055,53,9,1.63395318266667
057,53,39,-4.570208736
061,53,23,-0.781949275434783
063,53,24,0.0715549340000001
065,53,22,-0.344745047909091
067,53,6,-3.15166239316667
075,53,1,-1.325
077,53,118,3.55766728752542
001,54,1,-1.35
003,54,2,-2.0745833335
009,54,1,-5.02
031,54,1,-4.146666667
033,54,1,-0.023333333
037,54,22,2.49042011018182
039,54,1,-10.04666667
047,54,1,3.031428571
057,54,1,-1.795
061,54,2,-5.520611472
075,54,1,-1.93
085,54,1,-0.108888889
099,54,1,-2.036666667
101,54,1,-1.485
109,54,1,-6.593333333
001,55,2,-0.0284968555
003,55,3,0.0124269693333333
005,55,3,-2.17243867266667
007,55,2,1.2181746035
009,55,6,-17.1496143665
011,55,2,-0.1839102565
013,55,1,-1.878691038
015,55,2,1.105912698
017,55,2,1.457628655
019,55,1,0.266190476
021,55,2,2.2930555555
023,55,1,-0.6475
025,55,20,-0.2328397545
027,55,2,-0.071742424
029,55,2,5.7505787015
031,55,2,-0.629722222
037,55,1,2.91
039,55,1,-7.13
041,55,7,0.0450214708571428
043,55,6,-2.6763737375
045,55,2,0.0510795455000002
047,55,2,1.3525
049,55,2,2.079715909
053,55,3,1.311580499
055,55,3,-0.444805555666667
057,55,1,0.058666667
059,55,3,-5.53036616266667
063,55,5,-0.6619999998
065,55,3,4.99371212133333
067,55,6,1.19939899
069,55,2,-0.232619048
071,55,1,-4.386470588
073,55,3,0.140021367666667
075,55,2,-0.925544218
077,55,3,0.616805555666667
079,55,6,-2.84736010216667
081,55,3,1.13971655333333
083,55,2,0.6980139375
085,55,3,-0.659825961666667
087,55,2,6.074111675
091,55,2,0.827777778
093,55,1,-0.170384615
095,55,3,-0.449929972
097,55,8,-0.206595279625
099,55,1,-0.005
101,55,1,0.500833333
103,55,1,1.598571429
105,55,4,-2.15415570175
107,55,1,-1.222
111,55,2,1.9125
113,55,2,0.672108509
115,55,4,-0.775625
117,55,1,-0.144166667
119,55,2,-0.5104166665
121,55,3,3.72535968633333
123,55,6,2.1195945165
125,55,4,-0.345837018
127,55,4,-0.19559239125
129,55,1,-0.033333333
133,55,4,-22.69391414075
135,55,4,-1.59610833325
137,55,2,3.7325
139,55,4,-1.55702526625
141,55,3,0.160949693
001,56,2,-7.2575
005,56,1,-0.44
007,56,1,-2.805
009,56,2,-0.2725
011,56,4,1.847375
013,56,2,1.5944444445
015,56,15,0.6433222222
021,56,29,-1.71098029548276
027,56,3,3.93666666666667
031,56,12,3.00375
037,56,1,1.85
039,56,14,-1.54982861185714
045,56,3,-6.53955555666667
